producer_id,field_id,year,Core #,SHAC #,Depth (cm),lon,lat,soc,bd,soc_tha,tot_P,pH,,,,,,,,,,,,,,,
GMP-Producer-12,GMP-Field-51,2020,6167,KS20-0001,0 - 15,,,1.3500000000000001,1.4592205132082701,60.044005677493907,,,,,,,,,,,,,,,,,
GMP-Producer-12,GMP-Field-51,2020,6167,KS20-0002,15 - 30,,,0.91000000000000003,1.3427456585268023,37.243467781426212,,,,,,,,,,,,,,,,,
GMP-Producer-12,GMP-Field-51,2020,6167,KS20-0003,30 - 50,,,0.46999999999999997,1.3232810275105642,18.95679468770534,,,,,,,,,,,,,,,,,
GMP-Producer-12,GMP-Field-51,2020,6167,KS20-0004,50 - 100,,,0.23999999999999999,1.2905034618096771,9.4402909238301493,,,,,,,,,,,,,,,,,
GMP-Producer-12,GMP-Field-51,2020,6168,KS20-0005,0 - 15,,,0.65000000000000002,1.6450833005276435,32.592390350053677,,,,,,,,,,,,,,,,,
GMP-Producer-12,GMP-Field-51,2020,6168,KS20-0006,15 - 30,,,0.42999999999999999,1.7303179070908457,22.67823861749546,,,,,,,,,,,,,,,,,
GMP-Producer-12,GMP-Field-51,2020,6168,KS20-0007,30 - 50,,,0.52000000000000002,1.5971488024701512,25.314169659630913,,,,,,,,,,,,,,,,,
GMP-Producer-12,GMP-Field-51,2020,6168,KS20-0008,50 - 100,,,0.46999999999999997,1.5840798850592661,22.692894801405021,,,,,,,,,,,,,,,,,
GMP-Producer-12,GMP-Field-51,2020,6169,KS20-0009,0 - 15,,,0.53000000000000003,1.7309424496081771,27.962336707950339,,,,,,,,,,,,,,,,,
GMP-Producer-12,GMP-Field-51,2020,6169,KS20-0010,15 - 30,,,0.46999999999999997,1.8462539632756292,26.44869577630136,,,,,,,,,,,,,,,,,
GMP-Producer-12,GMP-Field-51,2020,6169,KS20-0011,30 - 50,,,0.46000000000000002,1.6631254210600213,23.318348903598345,,,,,,,,,,,,,,,,,
GMP-Producer-12,GMP-Field-51,2020,6169,KS20-0012,50 - 100,,,0.42999999999999999,1.541332582445184,20.201321358559561,,,,,,,,,,,,,,,,,
GMP-Producer-12,GMP-Field-51,2020,6170,KS20-0013,0 - 15,,,1.3799999999999999,1.4497484014889541,60.979897162788987,,,,,,,,,,,,,,,,,
GMP-Producer-12,GMP-Field-51,2020,6170,KS20-0014,15 - 30,,,1.21,1.5007367264051306,55.348371059202343,,,,,,,,,,,,,,,,,
GMP-Producer-12,GMP-Field-51,2020,6170,KS20-0015,30 - 50,,,0.75,1.5249342732805207,34.859997487192707,,,,,,,,,,,,,,,,,
GMP-Producer-12,GMP-Field-51,2020,6170,KS20-0016,50 - 100,,,0.37,1.2704024938254017,14.327091164365351,,,,,,,,,,,,,,,,,
GMP-Producer-12,GMP-Field-51,2020,6171,KS20-0017,0 - 15,,,0.93999999999999995,1.5595716074669836,44.683598039858047,,,,,,,,,,,,,,,,,
GMP-Producer-12,GMP-Field-51,2020,6171,KS20-0018,15 - 30,,,0.98999999999999999,1.5453581803761725,46.631492164487085,,,,,,,,,,,,,,,,,
GMP-Producer-12,GMP-Field-51,2020,6171,KS20-0019,30 - 50,,,0.56000000000000005,1.5845158340112713,27.04578386757159,,,,,,,,,,,,,,,,,
GMP-Producer-12,GMP-Field-51,2020,6171,KS20-0020,50 - 100,,,0.28000000000000003,1.1560831382368415,9.8664759349685021,,,,,,,,,,,,,,,,,
GMP-Producer-12,GMP-Field-51,2020,6172,KS20-0021,0 - 15,,,0.85999999999999999,1.7284484676143883,45.307473991882439,,,,,,,,,,,,,,,,,
GMP-Producer-12,GMP-Field-51,2020,6172,KS20-0022,15 - 30,,,0.76000000000000001,1.5812291515015757,36.628857048703701,,,,,,,,,,,,,,,,,
GMP-Producer-12,GMP-Field-51,2020,6172,KS20-0023,30 - 50,,,0.58999999999999997,1.6067475743989372,28.894462979930971,,,,,,,,,,,,,,,,,
GMP-Producer-12,GMP-Field-51,2020,6172,KS20-0024,50 - 100,,,0.31,1.6215816508324905,15.322000702386037,,,,,,,,,,,,,,,,,
GMP-Producer-12,GMP-Field-51,2020,6173,KS20-0025,0 - 15,,,0.52000000000000002,1.6338268964722649,25.895502778326811,,,,,,,,,,,,,,,,,
GMP-Producer-12,GMP-Field-51,2020,6173,KS20-0026,15 - 30,,,0.29999999999999999,1.8035670790382625,16.491817370725872,,,,,,,,,,,,,,,,,
GMP-Producer-12,GMP-Field-51,2020,6173,KS20-0027,30 - 50,,,0.32000000000000001,1.748227927338055,17.051515912084454,,,,,,,,,,,,,,,,,
GMP-Producer-12,GMP-Field-51,2020,6173,KS20-0028,50 - 100,,,0.29999999999999999,1.6768225830567274,15.332865699470718,,,,,,,,,,,,,,,,,
GMP-Producer-12,GMP-Field-51,2020,6174,KS20-0029,0 - 15,,,0.48999999999999999,1.5906099920224743,23.756078352854061,,,,,,,,,,,,,,,,,
GMP-Producer-12,GMP-Field-51,2020,6174,KS20-0030,15 - 30,,,0.25,1.6698392703412617,12.724175240000417,,,,,,,,,,,,,,,,,
GMP-Producer-12,GMP-Field-51,2020,6174,KS20-0031,30 - 50,,,0.25,1.7034822659437145,12.980534866491105,,,,,,,,,,,,,,,,,
GMP-Producer-12,GMP-Field-51,2020,6174,KS20-0032,50 - 100,,,0.33000000000000002,1.2569593660780358,12.643000087759319,,,,,,,,,,,,,,,,,
GMP-Producer-12,GMP-Field-51,2020,6175,KS20-0033,0 - 15,,,0.62,1.7079504267859116,32.276163985229445,,,,,,,,,,,,,,,,,
GMP-Producer-12,GMP-Field-51,2020,6175,KS20-0034,15 - 30,,,0.81999999999999995,1.562284080521541,39.047103394923184,,,,,,,,,,,,,,,,,
GMP-Producer-12,GMP-Field-51,2020,6175,KS20-0035,30 - 50,,,0.68999999999999995,1.661258626679734,34.938262429426821,,,,,,,,,,,,,,,,,
GMP-Producer-12,GMP-Field-51,2020,6175,KS20-0036,50 - 100,,,0.33000000000000002,1.6547077672842077,16.64371260645148,,,,,,,,,,,,,,,,,
GMP-Producer-12,GMP-Field-51,2020,6176,KS20-0037,0 - 15,,,0.57999999999999996,1.5381085124252039,27.191297526057724,,,,,,,,,,,,,,,,,
GMP-Producer-12,GMP-Field-51,2020,6176,KS20-0038,15 - 30,,,0.68999999999999995,1.5993389177329229,33.636016646624654,,,,,,,,,,,,,,,,,
GMP-Producer-12,GMP-Field-51,2020,6176,KS20-0039,30 - 50,,,0.85999999999999999,1.618537447163866,42.426398395016989,,,,,,,,,,,,,,,,,
GMP-Producer-12,GMP-Field-51,2020,6176,KS20-0040,50 - 100,,,0.23999999999999999,1.7264083578029401,12.629022419000068,,,,,,,,,,,,,,,,,
GMP-Producer-12,GMP-Field-51,2020,6177,KS20-0041,0 - 15,,,0.70999999999999996,1.6409676922651808,35.511853634772322,,,,,,,,,,,,,,,,,
GMP-Producer-12,GMP-Field-51,2020,6177,KS20-0042,15 - 30,,,0.56999999999999995,1.7935007367549347,31.159564400085532,,,,,,,,,,,,,,,,,
GMP-Producer-12,GMP-Field-51,2020,6177,KS20-0043,30 - 50,,,0.56999999999999995,1.6477816627888433,28.627899496628245,,,,,,,,,,,,,,,,,
GMP-Producer-12,GMP-Field-51,2020,6177,KS20-0044,50 - 100,,,0.22,1.6554371871161222,11.100699601925871,,,,,,,,,,,,,,,,,
GMP-Producer-12,GMP-Field-51,2020,6178,KS20-0045,0 - 15,,,0.59999999999999998,1.8017231687527488,32.949913310150272,,,,,,,,,,,,,,,,,
GMP-Producer-12,GMP-Field-51,2020,6178,KS20-0046,15 - 30,,,0.76000000000000001,1.6038455230734421,37.152760772891675,,,,,,,,,,,,,,,,,
GMP-Producer-12,GMP-Field-51,2020,6178,KS20-0047,30 - 50,,,0.53000000000000003,1.6218459178972262,26.199947696078951,,,,,,,,,,,,,,,,,
GMP-Producer-12,GMP-Field-51,2020,6178,KS20-0048,50 - 100,,,0.17000000000000001,1.6969649070581971,8.792993362412755,,,,,,,,,,,,,,,,,
GMP-Producer-12,GMP-Field-51,2020,6179,KS20-0049,0 - 15,,,0.64000000000000001,1.4705631180288035,28.686568856011476,,,,,,,,,,,,,,,,,
GMP-Producer-12,GMP-Field-51,2020,6179,KS20-0050,15 - 30,,,0.59999999999999998,1.7442242112414974,31.898372375184504,,,,,,,,,,,,,,,,,
GMP-Producer-12,GMP-Field-51,2020,6179,KS20-0051,30 - 50,,,0.67000000000000004,1.6262853865855429,33.211349650695325,,,,,,,,,,,,,,,,,
GMP-Producer-12,GMP-Field-51,2020,6179,KS20-0052,50 - 100,,,0.33000000000000002,1.5809454393434925,15.901781607092587,,,,,,,,,,,,,,,,,
GMP-Producer-12,GMP-Field-51,2020,6180,KS20-0053,0 - 15,,,0.63,1.5555379280030013,29.870061508684831,,,,,,,,,,,,,,,,,
GMP-Producer-12,GMP-Field-51,2020,6180,KS20-0054,15 - 30,,,0.52000000000000002,1.8139769043430347,28.750808343075366,,,,,,,,,,,,,,,,,
GMP-Producer-12,GMP-Field-51,2020,6180,KS20-0055,30 - 50,,,0.76000000000000001,1.6533603853841252,38.299762655346193,,,,,,,,,,,,,,,,,
GMP-Producer-12,GMP-Field-51,2020,6180,KS20-0056,50 - 100,,,0.33000000000000002,1.5802630587361859,15.894917949992054,,,,,,,,,,,,,,,,,
GMP-Producer-12,GMP-Field-51,2020,6181,KS20-0057,0 - 15,,,0.56999999999999995,1.6431983476761189,28.548270813185816,,,,,,,,,,,,,,,,,
GMP-Producer-12,GMP-Field-51,2020,6181,KS20-0058,15 - 30,,,0.42999999999999999,1.7858777080078745,23.406427592234408,,,,,,,,,,,,,,,,,
GMP-Producer-12,GMP-Field-51,2020,6181,KS20-0059,30 - 50,,,0.81999999999999995,1.5960415743658549,39.890824693070428,,,,,,,,,,,,,,,,,
GMP-Producer-12,GMP-Field-51,2020,6181,KS20-0060,50 - 100,,,0.41999999999999998,1.5461980275155967,19.793808669043663,,,,,,,,,,,,,,,,,
GMP-Producer-12,GMP-Field-51,2020,6182,KS20-0061,0 - 15,,,0.60999999999999999,1.6520880043274142,30.716941846858756,,,,,,,,,,,,,,,,,
GMP-Producer-12,GMP-Field-51,2020,6182,KS20-0062,15 - 30,,,0.40000000000000002,1.7199672415157563,20.969840608560105,,,,,,,,,,,,,,,,,
GMP-Producer-12,GMP-Field-51,2020,6182,KS20-0063,30 - 50,,,0.46000000000000002,1.6599308561855239,23.273558548405997,,,,,,,,,,,,,,,,,
GMP-Producer-12,GMP-Field-51,2020,6182,KS20-0064,50 - 100,,,0.25,1.4049813983758492,10.705958255623973,,,,,,,,,,,,,,,,,
GMP-Producer-12,GMP-Field-51,2020,6183,KS20-0065,0 - 15,,,0.40999999999999998,1.5880451920923204,19.845483156539309,,,,,,,,,,,,,,,,,
GMP-Producer-12,GMP-Field-51,2020,6183,KS20-0066,15 - 30,,,0.56000000000000005,1.7109345601721901,29.20359982066709,,,,,,,,,,,,,,,,,
GMP-Producer-12,GMP-Field-51,2020,6183,KS20-0067,30 - 50,,,0.44,1.6025095426631639,21.491575978564228,,,,,,,,,,,,,,,,,
GMP-Producer-12,GMP-Field-51,2020,6183,KS20-0068,50 - 100,,,0.20000000000000001,1.6253566545316949,9.9081741660252121,,,,,,,,,,,,,,,,,
GMP-Producer-12,GMP-Field-51,2020,6184,KS20-0069,0 - 15,,,0.68000000000000005,1.4252576727334876,29.540460628143361,,,,,,,,,,,,,,,,,
GMP-Producer-12,GMP-Field-51,2020,6184,KS20-0070,15 - 30,,,0.48999999999999999,1.7189053479300467,25.672195152404832,,,,,,,,,,,,,,,,,
GMP-Producer-12,GMP-Field-51,2020,6184,KS20-0071,30 - 50,,,0.46000000000000002,1.6850062506720076,23.625135639422083,,,,,,,,,,,,,,,,,
GMP-Producer-12,GMP-Field-51,2020,6184,KS20-0072,50 - 100,,,0.40999999999999998,1.6995990882693783,21.239549886284767,,,,,,,,,,,,,,,,,
GMP-Producer-12,GMP-Field-51,2020,6185,KS20-0073,0 - 15,,,0.92000000000000004,1.4467507095020589,40.569204695572935,,,,,,,,,,,,,,,,,
GMP-Producer-12,GMP-Field-51,2020,6185,KS20-0074,15 - 30,,,0.96999999999999997,1.4733665348026601,43.560965621361532,,,,,,,,,,,,,,,,,
GMP-Producer-12,GMP-Field-51,2020,6185,KS20-0075,30 - 50,,,1.0700000000000001,1.4524893242363606,47.370905824914978,,,,,,,,,,,,,,,,,
GMP-Producer-12,GMP-Field-51,2020,6185,KS20-0076,50 - 100,,,0.33000000000000002,1.7037455013585114,17.136953750864453,,,,,,,,,,,,,,,,,
GMP-Producer-12,GMP-Field-51,2020,6186,KS20-0077,0 - 15,,,0.81000000000000005,1.6631314320122321,41.060719298663599,,,,,,,,,,,,,,,,,
GMP-Producer-12,GMP-Field-51,2020,6186,KS20-0078,15 - 30,,,0.56000000000000005,1.5941569467385635,27.210346092491196,,,,,,,,,,,,,,,,,
GMP-Producer-12,GMP-Field-51,2020,6186,KS20-0079,30 - 50,,,0.41999999999999998,1.6557382302399211,21.196098528239371,,,,,,,,,,,,,,,,,
GMP-Producer-12,GMP-Field-51,2020,6186,KS20-0080,50 - 100,,,0.17999999999999999,1.7425105266180003,9.5601097532369987,,,,,,,,,,,,,,,,,
GMP-Producer-12,GMP-Field-51,2020,6187,KS20-0081,0 - 15,,,1.3999999999999999,1.2970226225430561,55.346549349157293,,,,,,,,,,,,,,,,,
GMP-Producer-12,GMP-Field-51,2020,6187,KS20-0082,15 - 30,,,1.1499999999999999,1.6890947384464012,59.206148772023262,,,,,,,,,,,,,,,,,
GMP-Producer-12,GMP-Field-51,2020,6187,KS20-0083,30 - 50,,,0.77000000000000002,1.4569146169924441,34.193203294965869,,,,,,,,,,,,,,,,,
GMP-Producer-12,GMP-Field-51,2020,6187,KS20-0084,50 - 100,,,0.33000000000000002,1.7453156079698986,17.555082511204429,,,,,,,,,,,,,,,,,
GMP-Producer-12,GMP-Field-51,2020,6188,KS20-0085,0 - 15,,,1.3400000000000001,1.37632870879416,56.213668719021641,,,,,,,,,,,,,,,,,
GMP-Producer-12,GMP-Field-51,2020,6188,KS20-0086,15 - 30,,,1.0800000000000001,1.5088520184830785,49.668994285233381,,,,,,,,,,,,,,,,,
GMP-Producer-12,GMP-Field-51,2020,6188,KS20-0087,30 - 50,,,0.63,1.6261235887771832,31.225475601134985,,,,,,,,,,,,,,,,,
GMP-Producer-12,GMP-Field-51,2020,6188,KS20-0088,50 - 100,,,0.28999999999999998,1.6513088744148137,14.59624940272742,,,,,,,,,,,,,,,,,
GMP-Producer-12,GMP-Field-51,2020,6189,KS20-0089,0 - 15,,,0.87,1.6289111600129356,43.194814576759022,,,,,,,,,,,,,,,,,
GMP-Producer-12,GMP-Field-51,2020,6189,KS20-0090,15 - 30,,,1.4099999999999999,1.5880418276266464,68.248956017544856,,,,,,,,,,,,,,,,,
GMP-Producer-12,GMP-Field-51,2020,6189,KS20-0091,30 - 50,,,1.0900000000000001,1.4653740131860737,48.684413914883578,,,,,,,,,,,,,,,,,
GMP-Producer-12,GMP-Field-51,2020,6189,KS20-0092,50 - 100,,,0.46000000000000002,1.6158083584217078,22.65492583175908,,,,,,,,,,,,,,,,,
GMP-Producer-12,GMP-Field-51,2020,6190,KS20-0093,0 - 15,,,0.95999999999999996,1.5512051132075868,45.389502576544551,,,,,,,,,,,,,,,,,
GMP-Producer-12,GMP-Field-51,2020,6190,KS20-0094,15 - 30,,,1.1100000000000001,1.4933458856535065,50.524072680137955,,,,,,,,,,,,,,,,,
GMP-Producer-12,GMP-Field-51,2020,6190,KS20-0095,30 - 50,,,0.82999999999999996,1.4710024678626812,37.214008832977257,,,,,,,,,,,,,,,,,
GMP-Producer-12,GMP-Field-51,2020,6190,KS20-0096,50 - 100,,,0.39000000000000001,1.5844534127898824,18.834714608515892,,,,,,,,,,,,,,,,,
GMP-Producer-12,GMP-Field-51,2020,6191,KS20-0097,0 - 15,,,1.23,1.3947961199755727,52.291464456332221,,,,,,,,,,,,,,,,,
GMP-Producer-12,GMP-Field-51,2020,6191,KS20-0098,15 - 30,,,0.87,1.6459888726036647,43.647674528154937,,,,,,,,,,,,,,,,,
GMP-Producer-12,GMP-Field-51,2020,6191,KS20-0099,30 - 50,,,0.94999999999999996,1.547806332032432,44.818280150331105,,,,,,,,,,,,,,,,,
GMP-Producer-12,GMP-Field-51,2020,6191,KS20-0100,50 - 100,,,0.35999999999999999,1.6480815367237849,18.084069086162749,,,,,,,,,,,,,,,,,
GMP-Producer-12,GMP-Field-51,2020,6192,KS20-0101,0 - 15,,,1.05,1.3675487294222923,43.767029536431046,,,,,,,,,,,,,,,,,
GMP-Producer-12,GMP-Field-51,2020,6192,KS20-0102,15 - 30,,,0.93000000000000005,1.448809941999142,41.068546139884482,,,,,,,,,,,,,,,,,
GMP-Producer-12,GMP-Field-51,2020,6192,KS20-0103,30 - 50,,,0.87,1.4985356272467856,39.737568349079353,,,,,,,,,,,,,,,,,
GMP-Producer-12,GMP-Field-51,2020,6192,KS20-0104,50 - 100,,,0.42999999999999999,1.5705353814220746,20.584064923070279,,,,,,,,,,,,,,,,,
GMP-Producer-12,GMP-Field-51,2020,6193,KS20-0105,0 - 15,,,1.04,1.6589220884536062,52.586503066308573,,,,,,,,,,,,,,,,,
GMP-Producer-12,GMP-Field-51,2020,6193,KS20-0106,15 - 30,,,0.95999999999999996,1.5305070874333668,44.783861783970259,,,,,,,,,,,,,,,,,
GMP-Producer-12,GMP-Field-51,2020,6193,KS20-0107,30 - 50,,,0.85999999999999999,1.5563045522074743,40.795099966104083,,,,,,,,,,,,,,,,,
GMP-Producer-12,GMP-Field-51,2020,6193,KS20-0108,50 - 100,,,0.34999999999999998,1.6168877996890569,17.248959047082856,,,,,,,,,,,,,,,,,
GMP-Producer-12,GMP-Field-51,2020,6194,KS20-0109,0 - 15,,,0.79000000000000004,1.7011952216481583,40.963419981110341,,,,,,,,,,,,,,,,,
GMP-Producer-12,GMP-Field-51,2020,6194,KS20-0110,15 - 30,,,0.53000000000000003,1.6636219454521888,26.874814355612838,,,,,,,,,,,,,,,,,
GMP-Producer-12,GMP-Field-51,2020,6194,KS20-0111,30 - 50,,,0.63,1.5834284448268121,30.405626368942379,,,,,,,,,,,,,,,,,
GMP-Producer-12,GMP-Field-51,2020,6194,KS20-0112,50 - 100,,,0.31,1.6465619682847668,15.558034725929105,,,,,,,,,,,,,,,,,
GMP-Producer-12,GMP-Field-51,2020,6195,KS20-0113,0 - 15,,,0.67000000000000004,1.5576178804931959,31.809049308279857,,,,,,,,,,,,,,,,,
GMP-Producer-12,GMP-Field-51,2020,6195,KS20-0114,15 - 30,,,0.48999999999999999,1.7541897090896705,26.199174143196046,,,,,,,,,,,,,,,,,
GMP-Producer-12,GMP-Field-51,2020,6195,KS20-0115,30 - 50,,,0.70999999999999996,1.6303052163512868,35.281109126014925,,,,,,,,,,,,,,,,,
GMP-Producer-12,GMP-Field-51,2020,6195,KS20-0116,50 - 100,,,0.41999999999999998,1.6762493441269395,21.458673603775427,,,,,,,,,,,,,,,,,
GMP-Producer-12,GMP-Field-51,2020,6196,KS20-0117,0 - 15,,,0.51000000000000001,1.6501564058962908,25.651351298376664,,,,,,,,,,,,,,,,,
GMP-Producer-12,GMP-Field-51,2020,6196,KS20-0118,15 - 30,,,0.56999999999999995,1.6761635061014351,29.120994289603889,,,,,,,,,,,,,,,,,
GMP-Producer-12,GMP-Field-51,2020,6196,KS20-0119,30 - 50,,,0.62,1.6397551702240887,30.987437304826738,,,,,,,,,,,,,,,,,
GMP-Producer-12,GMP-Field-51,2020,6196,KS20-0120,50 - 100,,,0.28999999999999998,1.5996962975323827,14.140035513148236,,,,,,,,,,,,,,,,,
GMP-Producer-12,GMP-Field-51,2020,6197,KS20-0121,0 - 15,,,0.81999999999999995,1.5416373052741046,38.531066153098863,,,,,,,,,,,,,,,,,
GMP-Producer-12,GMP-Field-51,2020,6197,KS20-0122,15 - 30,,,0.80000000000000004,1.5811457524378365,38.554658027444212,,,,,,,,,,,,,,,,,
GMP-Producer-12,GMP-Field-51,2020,6197,KS20-0123,30 - 50,,,0.65000000000000002,1.5535523257823129,30.778978678399188,,,,,,,,,,,,,,,,,
GMP-Producer-12,GMP-Field-51,2020,6197,KS20-0124,50 - 100,,,0.27000000000000002,1.6731132890502809,13.769053123568193,,,,,,,,,,,,,,,,,
GMP-Producer-12,GMP-Field-51,2020,6198,KS20-0125,0-25,,,0.81999999999999995,1.5251829005322759,38.119811342743489,,,,,,,,,,,,,,,,,
GMP-Producer-12,GMP-Field-51,2020,6198,KS20-0126,25-50,,,0.22,1.6188711115457655,10.855502125581285,,,,,,,,,,,,,,,,,
GMP-Producer-12,GMP-Field-51,2020,6198,KS20-0127,50-98,,,0.60999999999999999,1.6985385796018049,31.580588102820442,,,,,,,,,,,,,,,,,
GMP-Producer-12,GMP-Field-51,2020,6199,KS20-0128,0 - 15,,,1.0600000000000001,1.5518305669687611,50.137783422080311,,,,,,,,,,,,,,,,,
GMP-Producer-12,GMP-Field-51,2020,6199,KS20-0129,15 - 30,,,0.91000000000000003,1.5366389020031537,42.621445897081074,,,,,,,,,,,,,,,,,
GMP-Producer-12,GMP-Field-51,2020,6199,KS20-0130,30 - 50,,,0.57999999999999996,1.6288375832266051,28.795242331313215,,,,,,,,,,,,,,,,,
GMP-Producer-12,GMP-Field-51,2020,6199,KS20-0131,50 - 100,,,0.23000000000000001,1.6859663781053356,11.819298697069645,,,,,,,,,,,,,,,,,
GMP-Producer-12,GMP-Field-51,2020,6200,KS20-0132,0 - 15,,,1.1100000000000001,1.4005928423497103,47.385977516649277,,,,,,,,,,,,,,,,,
GMP-Producer-12,GMP-Field-51,2020,6200,KS20-0133,15 - 30,,,0.69999999999999996,1.619270290419967,34.548750916400415,,,,,,,,,,,,,,,,,
GMP-Producer-12,GMP-Field-51,2020,6200,KS20-0134,30 - 50,,,0.45000000000000001,1.6084919876114134,22.062076102078152,,,,,,,,,,,,,,,,,
GMP-Producer-12,GMP-Field-51,2020,6200,KS20-0135,50 - 100,,,0.25,1.6826806687815365,12.82202669611531,,,,,,,,,,,,,,,,,
GMP-Producer-12,GMP-Field-51,2020,6201,KS20-0136,0 - 15,,,1.4299999999999999,1.2892917063889788,56.195584031352588,,,,,,,,,,,,,,,,,
GMP-Producer-12,GMP-Field-51,2020,6201,KS20-0137,15 - 30,,,1.23,1.4521420465135553,54.441386180611801,,,,,,,,,,,,,,,,,
GMP-Producer-12,GMP-Field-51,2020,6201,KS20-0138,30 - 50,,,0.5,1.3721067098263158,20.910906257753055,,,,,,,,,,,,,,,,,
GMP-Producer-12,GMP-Field-51,2020,6201,KS20-0139,50 - 98,,,0.40999999999999998,1.4413156461222958,18.011833366461104,,,,,,,,,,,,,,,,,
GMP-Producer-12,GMP-Field-51,2020,6202,KS20-0140,0 - 15,,,1.22,1.3213405388109665,49.134840740009075,,,,,,,,,,,,,,,,,
GMP-Producer-12,GMP-Field-51,2020,6202,KS20-0141,15 - 30,,,0.81000000000000005,1.5465426467258476,38.182282096485118,,,,,,,,,,,,,,,,,
GMP-Producer-12,GMP-Field-51,2020,6202,KS20-0142,30 - 50,,,0.33000000000000002,1.6340622306955346,16.436051541227965,,,,,,,,,,,,,,,,,
GMP-Producer-12,GMP-Field-51,2020,6202,KS20-0143,50 - 96,,,0.28000000000000003,1.6509099835720482,14.08952616379729,,,,,,,,,,,,,,,,,
GMP-Producer-12,GMP-Field-51,2020,6203,KS20-0144,0 - 15,,,1.2,1.5028379069355478,54.967799284074594,,,,,,,,,,,,,,,,,
GMP-Producer-12,GMP-Field-51,2020,6203,KS20-0145,15 - 30,,,0.69999999999999996,1.5682407265745297,33.459984142194159,,,,,,,,,,,,,,,,,
GMP-Producer-12,GMP-Field-51,2020,6203,KS20-0146,30 - 50,,,0.40999999999999998,1.631405025399566,20.387342321413293,,,,,,,,,,,,,,,,,
GMP-Producer-12,GMP-Field-51,2020,6203,KS20-0147,50 - 98,,,0.31,1.6032679480020515,15.148958187081785,,,,,,,,,,,,,,,,,
GMP-Producer-12,GMP-Field-51,2020,6204,KS20-0148,0 - 15,,,1.1100000000000001,1.6125898503143643,54.558429887715832,,,,,,,,,,,,,,,,,
GMP-Producer-12,GMP-Field-51,2020,6204,KS20-0149,15 - 30,,,1.4399999999999999,1.4269001504150347,62.628359881896372,,,,,,,,,,,,,,,,,
GMP-Producer-12,GMP-Field-51,2020,6204,KS20-0150,30 - 50,,,0.71999999999999997,1.50842896771784,33.103378753948633,,,,,,,,,,,,,,,,,
GMP-Producer-12,GMP-Field-51,2020,6204,KS20-0151,50-100,,,0.25,1.5152006885238629,11.545829246551836,,,,,,,,,,,,,,,,,
GMP-Producer-12,GMP-Field-51,2020,6205,KS20-0152,0 - 15,,,1.3899999999999999,1.4305402572248032,60.607985185894684,,,,,,,,,,,,,,,,,
GMP-Producer-12,GMP-Field-51,2020,6205,KS20-0153,15 - 30,,,1.0600000000000001,1.3745786827946269,44.410987746675048,,,,,,,,,,,,,,,,,
GMP-Producer-12,GMP-Field-51,2020,6205,KS20-0154,30 - 50,,,0.81000000000000005,1.3677389354841734,33.767833030381667,,,,,,,,,,,,,,,,,
GMP-Producer-12,GMP-Field-51,2020,6205,KS20-0155,50 - 100,,,0.22,1.6294978491618297,10.926760777339567,,,,,,,,,,,,,,,,,
GMP-Producer-12,GMP-Field-51,2020,6206,KS20-0156,0 - 15,,,1.1899999999999999,1.6445390080438922,59.649403268561613,,,,,,,,,,,,,,,,,
GMP-Producer-12,GMP-Field-51,2020,6206,KS20-0157,15 - 30,,,0.93000000000000005,1.573197589171708,44.594488141696907,,,,,,,,,,,,,,,,,
GMP-Producer-12,GMP-Field-51,2020,6206,KS20-0158,30 - 50,,,0.58999999999999997,1.5750973382616509,28.32529045342692,,,,,,,,,,,,,,,,,
GMP-Producer-12,GMP-Field-51,2020,6206,KS20-0159,50 - 100,,,0.26000000000000001,1.5157024240199686,12.011638569873449,,,,,,,,,,,,,,,,,
GMP-Producer-12,GMP-Field-51,2020,6207,KS20-0160,0 - 15,,,0.91000000000000003,1.6470207251377182,45.683084448999871,,,,,,,,,,,,,,,,,
GMP-Producer-12,GMP-Field-51,2020,6207,KS20-0161,15 - 30,,,0.56000000000000005,1.5395784763383316,26.278757096923719,,,,,,,,,,,,,,,,,
GMP-Producer-12,GMP-Field-51,2020,6207,KS20-0162,30 - 50,,,0.5,1.6072646856358617,24.494713809090531,,,,,,,,,,,,,,,,,
GMP-Producer-12,GMP-Field-51,2020,6207,KS20-0163,50 - 100,,,0.28999999999999998,1.6322690733247713,14.427952792932318,,,,,,,,,,,,,,,,,
GMP-Producer-12,GMP-Field-51,2020,6208,KS20-0164,0 - 15,,,0.83999999999999997,1.3319905810509718,34.103221244764235,,,,,,,,,,,,,,,,,
GMP-Producer-12,GMP-Field-51,2020,6208,KS20-0165,15 - 30,,,0.69999999999999996,1.6311498638790498,34.802213495723407,,,,,,,,,,,,,,,,,
GMP-Producer-12,GMP-Field-51,2020,6208,KS20-0166,30 - 50,,,0.5,1.5436079254078623,23.524584783215825,,,,,,,,,,,,,,,,,
GMP-Producer-12,GMP-Field-51,2020,6208,KS20-0167,50 - 100,,,0.23000000000000001,1.6834011840691947,11.801315660798684,,,,,,,,,,,,,,,,,
GMP-Producer-12,GMP-Field-51,2020,6209,KS20-0168,0 - 15,,,0.60999999999999999,1.582699032407574,29.426806569747548,,,,,,,,,,,,,,,,,
GMP-Producer-12,GMP-Field-51,2020,6209,KS20-0169,15 - 30,,,0.57999999999999996,1.6943037699706445,29.952579767049038,,,,,,,,,,,,,,,,,
GMP-Producer-12,GMP-Field-51,2020,6209,KS20-0170,30 - 50,,,0.58999999999999997,1.7990724096343789,32.353078956936962,,,,,,,,,,,,,,,,,
GMP-Producer-12,GMP-Field-51,2020,6209,KS20-0171,50 - 100,,,0.31,1.6722891465899545,15.801125688299162,,,,,,,,,,,,,,,,,
GMP-Producer-12,GMP-Field-51,2020,6210,KS20-0172,0 - 15,,,0.66000000000000003,1.5679260075850776,31.541653909387492,,,,,,,,,,,,,,,,,
GMP-Producer-12,GMP-Field-51,2020,6210,KS20-0173,15 - 30,,,0.67000000000000004,1.6851818353183221,34.414109368136643,,,,,,,,,,,,,,,,,
GMP-Producer-12,GMP-Field-51,2020,6210,KS20-0174,30 - 50,,,0.72999999999999998,1.5567746951125887,34.638859676133144,,,,,,,,,,,,,,,,,
GMP-Producer-12,GMP-Field-51,2020,6210,KS20-0175,50 - 98,,,0.37,1.6606535425271027,18.728186391203657,,,,,,,,,,,,,,,,,
GMP-Producer-12,GMP-Field-51,2020,6211,KS20-0176,0 - 15,,,0.95999999999999996,1.5232412532988808,44.571257664527884,,,,,,,,,,,,,,,,,
GMP-Producer-12,GMP-Field-51,2020,6211,KS20-0177,15 - 30,,,0.85999999999999999,1.5660562781574678,41.050720008086074,,,,,,,,,,,,,,,,,
GMP-Producer-12,GMP-Field-51,2020,6211,KS20-0178,30 - 50,,,0.69999999999999996,1.5343281651344416,32.736425731308451,,,,,,,,,,,,,,,,,
GMP-Producer-12,GMP-Field-51,2020,6211,KS20-0179,50 - 100,,,0.39000000000000001,1.9051228521168655,22.646576367683604,,,,,,,,,,,,,,,,,
GMP-Producer-12,GMP-Field-51,2020,6212,KS20-0180,0 - 15,,,0.95999999999999996,1.5885214500593536,46.481408445896726,,,,,,,,,,,,,,,,,
GMP-Producer-12,GMP-Field-51,2020,6212,KS20-0181,15 - 30,,,0.68000000000000005,1.5696600781474181,32.533402643714652,,,,,,,,,,,,,,,,,
GMP-Producer-12,GMP-Field-51,2020,6212,KS20-0182,30 - 50,,,0.48999999999999999,1.5927554165030589,23.788120696556486,,,,,,,,,,,,,,,,,
GMP-Producer-12,GMP-Field-51,2020,6212,KS20-0183,50 - 100,,,0.28999999999999998,1.7135051211936823,15.146014467255199,,,,,,,,,,,,,,,,,
GMP-Producer-12,GMP-Field-51,2020,6213,KS20-0184,0 - 15,,,0.93999999999999995,1.5750000660036185,45.125641891082878,,,,,,,,,,,,,,,,,
GMP-Producer-12,GMP-Field-51,2020,6213,KS20-0185,15 - 30,,,0.60999999999999999,1.6418582438133142,30.526741955572195,,,,,,,,,,,,,,,,,
GMP-Producer-12,GMP-Field-51,2020,6213,KS20-0186,30 - 50,,,0.56000000000000005,1.6150818391995563,27.567508896929393,,,,,,,,,,,,,,,,,
GMP-Producer-12,GMP-Field-51,2020,6213,KS20-0187,50 - 100,,,0.28999999999999998,1.7126306650425511,15.138284974444121,,,,,,,,,,,,,,,,,
GMP-Producer-12,GMP-Field-51,2020,6214,KS20-0188,0 - 15,,,1.05,1.4391065550940578,46.05716618923023,,,,,,,,,,,,,,,,,
GMP-Producer-12,GMP-Field-51,2020,6214,KS20-0189,15 - 30,,,0.70999999999999996,1.6786084885306694,36.326430578594504,,,,,,,,,,,,,,,,,
GMP-Producer-12,GMP-Field-51,2020,6214,KS20-0190,30 - 50,,,0.58999999999999997,1.4874701227650489,26.749472711708428,,,,,,,,,,,,,,,,,
GMP-Producer-12,GMP-Field-51,2020,6214,KS20-0191,50 - 100,,,0.22,1.6283895772642003,10.919329149302824,,,,,,,,,,,,,,,,,
GMP-Producer-12,GMP-Field-51,2020,6215,KS20-0192,0 - 15,,,0.39000000000000001,1.644934590617382,19.553666465586943,,,,,,,,,,,,,,,,,
GMP-Producer-12,GMP-Field-51,2020,6215,KS20-0193,15 - 30,,,0.34000000000000002,1.6122726540700218,16.708303968658452,,,,,,,,,,,,,,,,,
GMP-Producer-12,GMP-Field-51,2020,6215,KS20-0194,30 - 50,,,0.46999999999999997,1.6832103326924504,24.112997942018968,,,,,,,,,,,,,,,,,
GMP-Producer-12,GMP-Field-51,2020,6215,KS20-0195,50 - 99,,,0.28000000000000003,1.6962738337377343,14.476679406651323,,,,,,,,,,,,,,,,,
GMP-Producer-12,GMP-Field-51,2020,6216,KS20-0196,0 - 15,,,0.85999999999999999,1.6540634902744327,43.357635457865648,,,,,,,,,,,,,,,,,
GMP-Producer-12,GMP-Field-51,2020,6216,KS20-0197,15 - 30,,,0.96999999999999997,1.4786149114529763,43.71613702605412,,,,,,,,,,,,,,,,,
GMP-Producer-12,GMP-Field-51,2020,6216,KS20-0198,30 - 50,,,0.68000000000000005,1.5828041801333324,32.805832559115501,,,,,,,,,,,,,,,,,
GMP-Producer-12,GMP-Field-51,2020,6216,KS20-0199,50 - 100,,,0.26000000000000001,1.5336525229230054,12.153889513660236,,,,,,,,,,,,,,,,,
GMP-Producer-12,GMP-Field-51,2020,6217,KS20-0200,0 - 15,,,0.40000000000000002,1.6333858340971323,19.914240089312241,,,,,,,,,,,,,,,,,
GMP-Producer-12,GMP-Field-51,2020,6217,KS20-0201,15 - 30,,,0.27000000000000002,1.7728133902646614,14.589545076522057,,,,,,,,,,,,,,,,,
GMP-Producer-12,GMP-Field-51,2020,6217,KS20-0202,30 - 50,,,0.20000000000000001,1.7745671832187437,10.817761548901462,,,,,,,,,,,,,,,,,
GMP-Producer-12,GMP-Field-51,2020,6217,KS20-0203,50 - 96,,,0.14999999999999999,1.7664566787414056,8.0762399352057077,,,,,,,,,,,,,,,,,
GMP-Producer-12,GMP-Field-51,2020,6218,KS20-0204,0 - 15,,,0.42999999999999999,1.5860988641691136,20.788046153346073,,,,,,,,,,,,,,,,,
GMP-Producer-12,GMP-Field-51,2020,6218,KS20-0205,15 - 30,,,0.56000000000000005,1.6263591270363045,27.75999866755728,,,,,,,,,,,,,,,,,
GMP-Producer-12,GMP-Field-51,2020,6218,KS20-0206,30 - 50,,,0.56000000000000005,1.6097249689512367,27.476073550034876,,,,,,,,,,,,,,,,,
GMP-Producer-12,GMP-Field-51,2020,6218,KS20-0207,50 - 100,,,0.40000000000000002,1.6805044469443862,20.488710217145957,,,,,,,,,,,,,,,,,
GMP-Producer-12,GMP-Field-51,2020,6219,KS20-0208,0 - 15,,,1.45,1.0693449182801487,47.260768008309448,,,,,,,,,,,,,,,,,
GMP-Producer-12,GMP-Field-51,2020,6219,KS20-0209,15 - 30,,,0.88,1.3926795132127427,37.355006975197476,,,,,,,,,,,,,,,,,
GMP-Producer-12,GMP-Field-51,2020,6219,KS20-0210,30 - 50,,,0.80000000000000004,1.4277105808966273,34.813294804583364,,,,,,,,,,,,,,,,,
GMP-Producer-12,GMP-Field-51,2020,6219,KS20-0211,50 - 100,,,0.28000000000000003,1.4462609235269888,12.342969225748734,,,,,,,,,,,,,,,,,
GMP-Producer-12,GMP-Field-51,2020,6220,KS20-0212,0 - 15,,,0.97999999999999998,1.4973630014982322,44.726831799952798,,,,,,,,,,,,,,,,,
GMP-Producer-12,GMP-Field-51,2020,6220,KS20-0213,15 - 30,,,0.56000000000000005,1.5454738642830861,26.379384294675148,,,,,,,,,,,,,,,,,
GMP-Producer-12,GMP-Field-51,2020,6220,KS20-0214,30 - 50,,,0.40000000000000002,1.6133691996820199,19.670197282523187,,,,,,,,,,,,,,,,,
GMP-Producer-12,GMP-Field-51,2020,6220,KS20-0215,50 - 100,,,0.16,1.6059050743067709,7.8316778663792608,,,,,,,,,,,,,,,,,
GMP-Producer-10,,2020,6221,KS20-0216,0 - 15,,,1.1200000000000001,1.3087639589559663,44.678060525255205,,,,,,,,,,,,,,,,,
GMP-Producer-10,,2020,6221,KS20-0217,15 - 30,,,0.92000000000000004,1.6603418714352998,46.558642622040104,,,,,,,,,,,,,,,,,
GMP-Producer-10,,2020,6221,KS20-0218,30 - 50,,,0.82999999999999996,1.6475354834955136,41.680011675662904,,,,,,,,,,,,,,,,,
GMP-Producer-10,,2020,6221,KS20-0219,50 - 100,,,0.35999999999999999,1.5633346255201743,17.154158178907768,,,,,,,,,,,,,,,,,
GMP-Producer-10,,2020,6222,KS20-0220,0 - 15,,,0.91000000000000003,1.52852202855536,42.396309801634317,,,,,,,,,,,,,,,,,
GMP-Producer-10,,2020,6222,KS20-0221,15 - 30,,,0.81999999999999995,1.6720544214090578,41.790659386929427,,,,,,,,,,,,,,,,,
GMP-Producer-10,,2020,6222,KS20-0222,30 - 50,,,0.75,1.5920516256728146,36.394300162880533,,,,,,,,,,,,,,,,,
GMP-Producer-10,,2020,6222,KS20-0223,50 - 100,,,0.37,1.5444381951884318,17.417556190057059,,,,,,,,,,,,,,,,,
GMP-Producer-10,,2020,6223,KS20-0224,0 - 15,,,0.57999999999999996,1.6074686376340381,28.417473563549578,,,,,,,,,,,,,,,,,
GMP-Producer-10,,2020,6223,KS20-0225,15 - 30,,,0.55000000000000004,1.7003570332528284,28.504785305450419,,,,,,,,,,,,,,,,,
GMP-Producer-10,,2020,6223,KS20-0226,30 - 50,,,0.37,1.6867562393532778,19.022562164930527,,,,,,,,,,,,,,,,,
GMP-Producer-10,,2020,6223,KS20-0227,50 - 100,,,0.17999999999999999,1.6332023522402905,8.9604013853311297,,,,,,,,,,,,,,,,,
GMP-Producer-10,,2020,6224,KS20-0228,0 - 15,,,0.54000000000000004,1.6066331324313445,26.443896053313985,,,,,,,,,,,,,,,,,
GMP-Producer-10,,2020,6224,KS20-0229,15 - 30,,,0.47999999999999998,1.6969707145935451,24.827360342789401,,,,,,,,,,,,,,,,,
GMP-Producer-10,,2020,6224,KS20-0230,30 - 50,,,0.5,1.6727066935043522,25.492050009006331,,,,,,,,,,,,,,,,,
GMP-Producer-10,,2020,6224,KS20-0231,50 - 100,,,0.29999999999999999,1.7248989221450193,15.772475744094058,,,,,,,,,,,,,,,,,
GMP-Producer-10,,2020,6225,KS20-0232,0 - 15,,,0.83999999999999997,1.5332006489786296,39.254842855929645,,,,,,,,,,,,,,,,,
GMP-Producer-10,,2020,6225,KS20-0233,15 - 30,,,0.79000000000000004,1.6733971775681877,40.294065318099918,,,,,,,,,,,,,,,,,
GMP-Producer-10,,2020,6225,KS20-0234,30 - 50,,,0.56999999999999995,1.692929832408631,29.412285736334592,,,,,,,,,,,,,,,,,
GMP-Producer-10,,2020,6225,KS20-0235,50 - 100,,,0.19,1.7303107288838286,10.020575493112029,,,,,,,,,,,,,,,,,
GMP-Producer-10,,2020,6226,KS20-0236,0 - 15,,,1.76,1.014524084627386,54.423941615019203,,,,,,,,,,,,,,,,,
GMP-Producer-10,,2020,6226,KS20-0237,15 - 30,,,0.64000000000000001,1.6363529134229771,31.920663552724701,,,,,,,,,,,,,,,,,
GMP-Producer-10,,2020,6226,KS20-0238,30 - 50,,,0.48999999999999999,1.6844975513385232,25.158307828751113,,,,,,,,,,,,,,,,,
GMP-Producer-10,,2020,6226,KS20-0239,50 - 100,,,0.14000000000000001,1.7188774770070163,7.3347939698843412,,,,,,,,,,,,,,,,,
GMP-Producer-10,,2020,6227,KS20-0240,0 - 15,,,0.55000000000000004,1.5817148927574971,26.515868462186685,,,,,,,,,,,,,,,,,
GMP-Producer-10,,2020,6227,KS20-0241,15 - 30,,,0.46999999999999997,1.6023119477815142,22.954080039138862,,,,,,,,,,,,,,,,,
GMP-Producer-10,,2020,6227,KS20-0242,30 - 50,,,0.29999999999999999,1.6862167394673564,15.418765865689508,,,,,,,,,,,,,,,,,
GMP-Producer-10,,2020,6227,KS20-0243,50 - 98,,,0.14000000000000001,1.7367321510100719,7.4109834347901797,,,,,,,,,,,,,,,,,
GMP-Producer-10,,2020,6228,KS20-0244,0 - 15,,,0.72999999999999998,1.7296076766221846,38.484462647914256,,,,,,,,,,,,,,,,,
GMP-Producer-10,,2020,6228,KS20-0245,15 - 30,,,0.59999999999999998,1.6431410061983305,30.049762721355073,,,,,,,,,,,,,,,,,
GMP-Producer-10,,2020,6228,KS20-0246,30 - 50,,,0.56000000000000005,1.5833277788054452,27.025505190874387,,,,,,,,,,,,,,,,,
GMP-Producer-10,,2020,6228,KS20-0247,50 - 96,,,0.28999999999999998,1.6293184096227478,14.401871286337391,,,,,,,,,,,,,,,,,
GMP-Producer-10,,2020,6229,KS20-0248,0 - 15,,,0.68999999999999995,1.6327188847590839,34.338037409145244,,,,,,,,,,,,,,,,,
GMP-Producer-10,,2020,6229,KS20-0249,15 - 30,,,0.60999999999999999,1.7799286750693151,33.093857869828767,,,,,,,,,,,,,,,,,
GMP-Producer-10,,2020,6229,KS20-0250,30 - 50,,,0.56000000000000005,1.7104464254524216,29.195267946762296,,,,,,,,,,,,,,,,,
GMP-Producer-10,,2020,6229,KS20-0251,50 - 96,,,0.22,1.6978852580371699,11.385339386294048,,,,,,,,,,,,,,,,,
GMP-Producer-10,,2020,6230,KS20-0252,0 - 15,,,0.91000000000000003,1.6111400241044109,44.687868620579231,,,,,,,,,,,,,,,,,
GMP-Producer-10,,2020,6230,KS20-0253,15 - 30,,,0.73999999999999999,1.6756366196048205,37.79431908251064,,,,,,,,,,,,,,,,,
GMP-Producer-10,,2020,6230,KS20-0254,30 - 50,,,0.63,1.5878824841830284,30.491154614276184,,,,,,,,,,,,,,,,,
GMP-Producer-10,,2020,6230,KS20-0255,50 - 100,,,0.28000000000000003,1.5801630542933498,13.485743570561166,,,,,,,,,,,,,,,,,
GMP-Producer-10,,2020,6231,KS20-0256,0 - 15,,,1.1399999999999999,1.5419906672998467,53.579858114801226,,,,,,,,,,,,,,,,,
GMP-Producer-10,,2020,6231,KS20-0257,15 - 30,,,0.68000000000000005,1.709604298747345,35.433942537556973,,,,,,,,,,,,,,,,,
GMP-Producer-10,,2020,6231,KS20-0258,30 - 50,,,0.47999999999999998,1.7348879294019981,25.382104362322995,,,,,,,,,,,,,,,,,
GMP-Producer-10,,2020,6231,KS20-0259,50 - 100,,,0.20999999999999999,1.7782884007526498,11.382468395537561,,,,,,,,,,,,,,,,,
GMP-Producer-10,,2020,6232,KS20-0260,0 - 15,,,0.78000000000000003,1.678770314809618,39.911756972409783,,,,,,,,,,,,,,,,,
GMP-Producer-10,,2020,6232,KS20-0261,15 - 30,,,0.66000000000000003,1.6098915789635113,32.385866915693171,,,,,,,,,,,,,,,,,
GMP-Producer-10,,2020,6232,KS20-0262,30 - 50,,,0.66000000000000003,1.6734924989561264,33.665313903000616,,,,,,,,,,,,,,,,,
GMP-Producer-10,,2020,6232,KS20-0263,50 - 100,,,0.23999999999999999,1.756096277887329,12.846195492001389,,,,,,,,,,,,,,,,,
GMP-Producer-10,,2020,6233,KS20-0264,0 - 15,,,0.78000000000000003,1.6611387403578801,39.492576868764388,,,,,,,,,,,,,,,,,
GMP-Producer-10,,2020,6233,KS20-0265,15 - 30,,,0.78000000000000003,1.703745451065561,40.505525851813076,,,,,,,,,,,,,,,,,
GMP-Producer-10,,2020,6233,KS20-0266,30 - 50,,,0.40999999999999998,1.4401260344546112,17.996967027372381,,,,,,,,,,,,,,,,,
GMP-Producer-10,,2020,6233,KS20-0267,50 - 100,,,0.23000000000000001,1.7270348995378719,12.1072054597203,,,,,,,,,,,,,,,,,
GMP-Producer-10,,2020,6234,KS20-0268,0 - 15,,,0.78000000000000003,1.6294426452634807,38.739021225552101,,,,,,,,,,,,,,,,,
GMP-Producer-10,,2020,6234,KS20-0269,15 - 30,,,0.73999999999999999,1.7154279757642725,38.69182107895832,,,,,,,,,,,,,,,,,
GMP-Producer-10,,2020,6234,KS20-0270,30 - 50,,,0.64000000000000001,1.5236130884972479,29.721425239933517,,,,,,,,,,,,,,,,,
GMP-Producer-10,,2020,6234,KS20-0271,50 - 100,,,0.27000000000000002,1.6754602558970719,13.788367721930545,,,,,,,,,,,,,,,,,
GMP-Producer-10,,2020,6235,KS20-0272,0 - 15,,,0.85999999999999999,1.4753001830473069,38.671748638182443,,,,,,,,,,,,,,,,,
GMP-Producer-10,,2020,6235,KS20-0273,15 - 30,,,0.63,1.5169424902141833,29.128936474088835,,,,,,,,,,,,,,,,,
GMP-Producer-10,,2020,6235,KS20-0274,30 - 50,,,0.37,1.6789382366663472,18.9343938578284,,,,,,,,,,,,,,,,,
GMP-Producer-10,,2020,6235,KS20-0275,50 - 100,,,0.20999999999999999,1.7548261296973375,11.232291090966717,,,,,,,,,,,,,,,,,
GMP-Producer-10,,2020,6236,KS20-0276,0 - 15,,,0.77000000000000002,1.7126012914112247,40.194067268904888,,,,,,,,,,,,,,,,,
GMP-Producer-10,,2020,6236,KS20-0277,15 - 30,,,0.60999999999999999,1.6802235385623812,31.240060207782644,,,,,,,,,,,,,,,,,
GMP-Producer-10,,2020,6236,KS20-0278,30 - 50,,,0.55000000000000004,1.6365645392377777,27.435367935782107,,,,,,,,,,,,,,,,,
GMP-Producer-10,,2020,6236,KS20-0279,50 - 98,,,0.20000000000000001,1.6705112747415984,10.183436730824784,,,,,,,,,,,,,,,,,
GMP-Producer-10,,2020,6237,KS20-0280,0 - 15,,,0.85999999999999999,1.6458066916754057,43.141201647549074,,,,,,,,,,,,,,,,,
GMP-Producer-10,,2020,6237,KS20-0281,15 - 30,,,0.77000000000000002,1.5889734613087121,37.292571547530954,,,,,,,,,,,,,,,,,
GMP-Producer-10,,2020,6237,KS20-0282,30 - 50,,,0.45000000000000001,1.6694726547649552,22.898486932756132,,,,,,,,,,,,,,,,,
GMP-Producer-10,,2020,6237,KS20-0283,50 - 100,,,0.17999999999999999,1.7184401303192254,9.4280499309833985,,,,,,,,,,,,,,,,,
GMP-Producer-10,,2020,6238,KS20-0284,0 - 15,,,1.0700000000000001,1.6280259994996229,53.095788737280905,,,,,,,,,,,,,,,,,
GMP-Producer-10,,2020,6238,KS20-0285,15 - 30,,,0.63,1.7309768145157547,33.238909183057331,,,,,,,,,,,,,,,,,
GMP-Producer-10,,2020,6238,KS20-0286,30 - 50,,,0.39000000000000001,1.7294712427640675,20.558570556985025,,,,,,,,,,,,,,,,,
GMP-Producer-10,,2020,6238,KS20-0287,50 - 100,,,0.22,1.7996872994143236,12.067983154952691,,,,,,,,,,,,,,,,,
GMP-Producer-10,,2020,6239,KS20-0288,0 - 15,,,0.79000000000000004,1.6579815180309905,39.922868568971829,,,,,,,,,,,,,,,,,
GMP-Producer-10,,2020,6239,KS20-0289,15 - 30,,,0.68999999999999995,1.6038232887542518,33.730328350448417,,,,,,,,,,,,,,,,,
GMP-Producer-10,,2020,6239,KS20-0290,30 - 50,,,0.56000000000000005,1.4455386707031852,24.67361046249853,,,,,,,,,,,,,,,,,
GMP-Producer-10,,2020,6239,KS20-0291,50 - 99,,,0.17999999999999999,1.7529650124070952,9.6174672440702871,,,,,,,,,,,,,,,,,
GMP-Producer-10,,2020,6240,KS20-0292,0 - 15,,,0.60999999999999999,1.5355386971025347,28.549963887488012,,,,,,,,,,,,,,,,,
GMP-Producer-10,,2020,6240,KS20-0293,15 - 30,,,0.56999999999999995,1.6074483961777633,27.927165455833983,,,,,,,,,,,,,,,,,
GMP-Producer-10,,2020,6240,KS20-0294,30 - 50,,,0.56999999999999995,1.6315912115812843,28.346613073528598,,,,,,,,,,,,,,,,,
GMP-Producer-10,,2020,6240,KS20-0295,50 - 99,,,0.32000000000000001,1.6378649403775205,15.975079482466187,,,,,,,,,,,,,,,,,
GMP-Producer-10,,2020,6241,KS20-0296,0 - 15,,,0.81999999999999995,1.6676860759998553,41.681478709109982,,,,,,,,,,,,,,,,,
GMP-Producer-10,,2020,6241,KS20-0297,15 - 30,,,0.64000000000000001,1.6678655455721261,32.53538677058458,,,,,,,,,,,,,,,,,
GMP-Producer-10,,2020,6241,KS20-0298,30 - 50,,,0.53000000000000003,1.6381790952878774,26.463800376918488,,,,,,,,,,,,,,,,,
GMP-Producer-10,,2020,6241,KS20-0299,50 - 97,,,0.28999999999999998,1.6751396294797734,14.80689421289761,,,,,,,,,,,,,,,,,
GMP-Producer-10,,2020,6242,KS20-0300,0 - 15,,,0.82999999999999996,1.6793821739175911,42.485681988636784,,,,,,,,,,,,,,,,,
GMP-Producer-10,,2020,6242,KS20-0301,15 - 30,,,0.76000000000000001,1.6649956779920554,38.569291881550363,,,,,,,,,,,,,,,,,
GMP-Producer-10,,2020,6242,KS20-0302,30 - 50,,,0.56999999999999995,1.654388419318747,28.742682641876183,,,,,,,,,,,,,,,,,
GMP-Producer-10,,2020,6242,KS20-0303,50 - 97,,,0.26000000000000001,1.6999990365736735,13.472152365039051,,,,,,,,,,,,,,,,,
GMP-Producer-10,,2020,6243,KS20-0304,0 - 15,,,0.80000000000000004,1.6478784791007057,40.181868834391608,,,,,,,,,,,,,,,,,
GMP-Producer-10,,2020,6243,KS20-0305,15 - 30,,,0.48999999999999999,1.7175924372537046,25.652586568871527,,,,,,,,,,,,,,,,,
GMP-Producer-10,,2020,6243,KS20-0306,30 - 50,,,0.35999999999999999,1.6837998413424795,18.475998899082761,,,,,,,,,,,,,,,,,
GMP-Producer-10,,2020,6243,KS20-0307,50 - 99,,,0.19,1.6686208073158211,9.6633168193273828,,,,,,,,,,,,,,,,,
GMP-Producer-10,,2020,6244,KS20-0308,0 - 15,,,0.81000000000000005,1.6098213649250828,39.744557714362394,,,,,,,,,,,,,,,,,
GMP-Producer-10,,2020,6244,KS20-0309,15 - 30,,,0.42999999999999999,1.7466917649280926,22.892840947853557,,,,,,,,,,,,,,,,,
GMP-Producer-10,,2020,6244,KS20-0310,30 - 50,,,0.25,1.7119942439772704,13.045396139106801,,,,,,,,,,,,,,,,,
GMP-Producer-10,,2020,6244,KS20-0311,50 - 100,,,0.089999999999999997,1.6396481702957746,4.4978828607553698,,,,,,,,,,,,,,,,,
GMP-Producer-10,,2020,6245,KS20-0312,0 - 15,,,0.79000000000000004,1.6779292610484828,40.403194262638635,,,,,,,,,,,,,,,,,
GMP-Producer-10,,2020,6245,KS20-0313,15 - 30,,,0.52000000000000002,1.72001016750462,27.26147315088123,,,,,,,,,,,,,,,,,
GMP-Producer-10,,2020,6245,KS20-0314,30 - 50,,,0.40000000000000002,1.7289877765067978,21.07981897117088,,,,,,,,,,,,,,,,,
GMP-Producer-10,,2020,6245,KS20-0315,50 - 99,,,0.12,1.7367826469207499,6.3524562093773342,,,,,,,,,,,,,,,,,
GMP-Producer-10,,2020,6246,KS20-0316,0 - 15,,,0.81999999999999995,1.6008567053151139,40.011172149963826,,,,,,,,,,,,,,,,,
GMP-Producer-10,,2020,6246,KS20-0317,15 - 30,,,0.62,1.7186187039462757,32.477768819695143,,,,,,,,,,,,,,,,,
GMP-Producer-10,,2020,6246,KS20-0318,30 - 50,,,0.48999999999999999,1.6930022053906539,25.285326537950493,,,,,,,,,,,,,,,,,
GMP-Producer-10,,2020,6246,KS20-0319,50 - 97,,,0.17000000000000001,1.7180939227780607,8.9024754702668023,,,,,,,,,,,,,,,,,
GMP-Producer-10,,2020,6247,KS20-0320,0 - 15,,,0.60999999999999999,1.6106120155344421,29.945787082428783,,,,,,,,,,,,,,,,,
GMP-Producer-10,,2020,6247,KS20-0321,15 - 30,,,0.48999999999999999,1.7452420988541397,26.065539794806352,,,,,,,,,,,,,,,,,
GMP-Producer-10,,2020,6247,KS20-0322,30 - 50,,,0.28999999999999998,1.6637967538096803,14.706632266274529,,,,,,,,,,,,,,,,,
GMP-Producer-10,,2020,6247,KS20-0323,50 - 98,,,0.059999999999999998,1.7195678626174322,3.1447457071547604,,,,,,,,,,,,,,,,,
GMP-Producer-10,,2020,6248,KS20-0324,0 - 15,,,0.60999999999999999,1.575578231039571,29.294410934072538,,,,,,,,,,,,,,,,,
GMP-Producer-10,,2020,6248,KS20-0325,15 - 30,,,0.54000000000000004,1.7539403834093601,28.868455558611345,,,,,,,,,,,,,,,,,
GMP-Producer-10,,2020,6248,KS20-0326,30 - 50,,,0.56999999999999995,1.6082051358222691,27.940312747721773,,,,,,,,,,,,,,,,,
GMP-Producer-10,,2020,6248,KS20-0327,50 - 99,,,0.17999999999999999,1.7518172440694308,9.6111701278625254,,,,,,,,,,,,,,,,,
GMP-Producer-10,,2020,6249,KS20-0328,0 - 15,,,0.63,1.5861336540068043,30.457572877700262,,,,,,,,,,,,,,,,,
GMP-Producer-10,,2020,6249,KS20-0329,15 - 30,,,0.53000000000000003,1.7004721087359407,27.470106633363883,,,,,,,,,,,,,,,,,
GMP-Producer-10,,2020,6249,KS20-0330,30 - 50,,,0.39000000000000001,1.6815095592913762,19.988440433208449,,,,,,,,,,,,,,,,,
GMP-Producer-10,,2020,6249,KS20-0331,50 - 96,,,0.11,1.7274496986092509,5.7917933494970981,,,,,,,,,,,,,,,,,
GMP-Producer-10,,2020,6250,KS20-0332,0 - 15,,,0.75,1.582632071824853,36.178969161916143,,,,,,,,,,,,,,,,,
GMP-Producer-10,,2020,6250,KS20-0333,15 - 30,,,0.65000000000000002,1.7069564196555225,33.818220586215212,,,,,,,,,,,,,,,,,
GMP-Producer-10,,2020,6250,KS20-0334,30 - 50,,,0.45000000000000001,1.7290184696431459,23.715217329625396,,,,,,,,,,,,,,,,,
GMP-Producer-10,,2020,6250,KS20-0335,50 - 99,,,0.17999999999999999,1.7536189667900037,9.6210550993966759,,,,,,,,,,,,,,,,,
GMP-Producer-10,,2020,6251,KS20-0336,0 - 15,,,0.64000000000000001,1.6081388200383215,31.370285590251548,,,,,,,,,,,,,,,,,
GMP-Producer-10,,2020,6251,KS20-0337,15 - 30,,,0.53000000000000003,1.6859867797083461,27.236104834120511,,,,,,,,,,,,,,,,,
GMP-Producer-10,,2020,6251,KS20-0338,30 - 50,,,0.41999999999999998,1.7202665596574298,22.022164390110557,,,,,,,,,,,,,,,,,
GMP-Producer-10,,2020,6251,KS20-0339,50 - 98,,,0.14000000000000001,1.7172881290147273,7.3280119041316452,,,,,,,,,,,,,,,,,
GMP-Producer-10,,2020,6252,KS20-0340,0 - 15,,,0.60999999999999999,1.6724817517746171,31.096118714395107,,,,,,,,,,,,,,,,,
GMP-Producer-10,,2020,6252,KS20-0341,15 - 30,,,0.56000000000000005,1.7437413849708054,29.763572951789694,,,,,,,,,,,,,,,,,
GMP-Producer-10,,2020,6252,KS20-0342,30 - 50,,,0.38,1.6657520114303694,19.293406097191113,,,,,,,,,,,,,,,,,
GMP-Producer-10,,2020,6252,KS20-0343,50 - 98,,,0.14999999999999999,1.7330386002286633,7.9234524802454489,,,,,,,,,,,,,,,,,
GMP-Producer-10,,2020,6253,KS20-0344,0 - 15,,,0.77000000000000002,1.6699980628470714,39.19418653579563,,,,,,,,,,,,,,,,,
GMP-Producer-10,,2020,6253,KS20-0345,15 - 30,,,0.62,1.7012921232098357,32.150338027570193,,,,,,,,,,,,,,,,,
GMP-Producer-10,,2020,6253,KS20-0346,30 - 50,,,0.35999999999999999,1.7098048237869472,18.761346370449417,,,,,,,,,,,,,,,,,
GMP-Producer-10,,2020,6253,KS20-0347,50 - 97,,,0.11,1.6558043849674251,5.5515809419187834,,,,,,,,,,,,,,,,,
GMP-Producer-10,,2020,6254,KS20-0348,0 - 15,,,1.1100000000000001,1.3767009930004288,46.577649355984917,,,,,,,,,,,,,,,,,
GMP-Producer-10,,2020,6254,KS20-0349,15 - 30,,,0.72999999999999998,1.7408273787365103,38.734105507838855,,,,,,,,,,,,,,,,,
GMP-Producer-10,,2020,6254,KS20-0350,30 - 50,,,0.58999999999999997,1.6856815975465085,30.313949304998374,,,,,,,,,,,,,,,,,
GMP-Producer-10,,2020,6254,KS20-0351,50 - 100,,,0.27000000000000002,1.7597302955445731,14.481876440213622,,,,,,,,,,,,,,,,,
GMP-Producer-10,,2020,6255,KS20-0352,0 - 15,,,0.81000000000000005,1.5126881880394092,37.346456136867374,,,,,,,,,,,,,,,,,
GMP-Producer-10,,2020,6255,KS20-0353,15 - 30,,,0.73999999999999999,1.6986324089809197,38.312993711046445,,,,,,,,,,,,,,,,,
GMP-Producer-10,,2020,6255,KS20-0354,30 - 50,,,0.45000000000000001,1.6749863098023154,22.974112225248565,,,,,,,,,,,,,,,,,
GMP-Producer-10,,2020,6255,KS20-0355,50 - 97,,,0.16,1.8041784235206004,8.7986173358252646,,,,,,,,,,,,,,,,,
GMP-Producer-10,,2020,6256,KS20-0356,0 - 15,,,0.91000000000000003,1.4241097820157371,39.500248201814102,,,,,,,,,,,,,,,,,
GMP-Producer-10,,2020,6256,KS20-0357,15 - 30,,,0.56999999999999995,1.7674933072229975,30.707721722369463,,,,,,,,,,,,,,,,,
GMP-Producer-10,,2020,6256,KS20-0358,30 - 50,,,0.34000000000000002,1.7319635207820299,17.948684358568336,,,,,,,,,,,,,,,,,
GMP-Producer-10,,2020,6256,KS20-0359,50 - 98,,,0.19,1.8350214071161666,10.626975972891143,,,,,,,,,,,,,,,,,
GMP-Producer-10,,2020,6257,KS20-0360,0 - 15,,,0.93000000000000005,1.4269115402166308,40.447805283596715,,,,,,,,,,,,,,,,,
GMP-Producer-10,,2020,6257,KS20-0361,15 - 30,,,0.57999999999999996,1.738263106136607,30.729710495525392,,,,,,,,,,,,,,,,,
GMP-Producer-10,,2020,6257,KS20-0362,30 - 50,,,0.26000000000000001,1.8261651405541239,14.471993505863324,,,,,,,,,,,,,,,,,
GMP-Producer-10,,2020,6257,KS20-0363,50 - 100,,,0.14000000000000001,1.8590816720624115,7.9330733110247245,,,,,,,,,,,,,,,,,
GMP-Producer-10,,2020,6258,KS20-0364,0 - 15,,,0.63,1.6386479714180211,31.465973806357415,,,,,,,,,,,,,,,,,
GMP-Producer-10,,2020,6258,KS20-0365,15 - 30,,,0.38,1.8307830084608183,21.204861117196582,,,,,,,,,,,,,,,,,
GMP-Producer-10,,2020,6258,KS20-0366,30 - 50,,,0.23000000000000001,1.7964186037584071,12.593612979787938,,,,,,,,,,,,,,,,,
GMP-Producer-10,,2020,6258,KS20-0367,50 - 97,,,0.050000000000000003,1.7495315997675434,2.6662861580457364,,,,,,,,,,,,,,,,,
GMP-Producer-10,,2020,6259,KS20-0368,0 - 15,,,0.92000000000000004,1.3724129458371546,38.48465486198716,,,,,,,,,,,,,,,,,
GMP-Producer-10,,2020,6259,KS20-0369,15 - 30,,,0.68000000000000005,1.6631147703282252,34.47038197573093,,,,,,,,,,,,,,,,,
GMP-Producer-10,,2020,6259,KS20-0370,30 - 50,,,0.5,1.6451089369971306,25.07146019983627,,,,,,,,,,,,,,,,,
GMP-Producer-10,,2020,6259,KS20-0371,50 - 97,,,0.20999999999999999,1.7932016831898321,11.477925333761478,,,,,,,,,,,,,,,,,
GMP-Producer-10,,2020,6260,KS20-0372,0 - 15,,,0.64000000000000001,1.6357820509332448,31.909527623964994,,,,,,,,,,,,,,,,,
GMP-Producer-10,,2020,6260,KS20-0373,15 - 30,,,0.46000000000000002,1.644293812498673,23.054314686281398,,,,,,,,,,,,,,,,,
GMP-Producer-10,,2020,6260,KS20-0374,30 - 50,,,0.39000000000000001,1.7392092211700951,20.674327853893157,,,,,,,,,,,,,,,,,
GMP-Producer-10,,2020,6260,KS20-0375,50 - 98,,,0.17000000000000001,1.7280485116625512,8.9540561680306769,,,,,,,,,,,,,,,,,
GMP-Producer-10,,2020,6261,KS20-0376,0 - 15,,,0.90000000000000002,1.5479863076432727,42.464360391270262,,,,,,,,,,,,,,,,,
GMP-Producer-10,,2020,6261,KS20-0377,15 - 30,,,0.75,1.7780296335471073,40.645757422886874,,,,,,,,,,,,,,,,,
GMP-Producer-10,,2020,6261,KS20-0378,30 - 50,,,0.5,1.8464138441914184,28.139346985477218,,,,,,,,,,,,,,,,,
GMP-Producer-10,,2020,6261,KS20-0379,50 - 98,,,0.16,1.7623260651753683,8.594511754647236,,,,,,,,,,,,,,,,,
GMP-Producer-10,,2020,6262,KS20-0380,0 - 15,,,0.76000000000000001,1.6014965304672095,37.098346828966811,,,,,,,,,,,,,,,,,
GMP-Producer-10,,2020,6262,KS20-0381,15 - 30,,,0.67000000000000004,1.6490861432035682,33.676977582045986,,,,,,,,,,,,,,,,,
GMP-Producer-10,,2020,6262,KS20-0382,30 - 50,,,0.35999999999999999,1.7481041841687748,19.181597592047133,,,,,,,,,,,,,,,,,
GMP-Producer-10,,2020,6262,KS20-0383,50 - 100,,,0.17000000000000001,1.8270666838173342,9.4671287288678982,,,,,,,,,,,,,,,,,
GMP-Producer-10,,2020,6263,KS20-0384,0 - 15,,,0.76000000000000001,1.4219093697746537,32.938246168955892,,,,,,,,,,,,,,,,,
GMP-Producer-10,,2020,6263,KS20-0385,15 - 30,,,0.63,1.718750988981802,33.004143990824161,,,,,,,,,,,,,,,,,
GMP-Producer-10,,2020,6263,KS20-0386,30 - 50,,,0.38,1.7097349409051266,19.802833979539539,,,,,,,,,,,,,,,,,
GMP-Producer-10,,2020,6263,KS20-0387,50 - 100,,,0.070000000000000007,1.8292825202054965,3.9029571851104481,,,,,,,,,,,,,,,,,
GMP-Producer-10,,2020,6264,KS20-0388,0 - 15,,,0.90000000000000002,1.4506785987352739,39.795015320506046,,,,,,,,,,,,,,,,,
GMP-Producer-10,,2020,6264,KS20-0389,15 - 30,,,0.56999999999999995,1.6666100388233198,28.955016170500823,,,,,,,,,,,,,,,,,
GMP-Producer-10,,2020,6264,KS20-0390,30 - 50,,,0.33000000000000002,1.8788464871916402,18.898189506768396,,,,,,,,,,,,,,,,,
GMP-Producer-10,,2020,6264,KS20-0391,50 - 100,,,0.10000000000000001,1.7564188105051994,5.3535645344198484,,,,,,,,,,,,,,,,,
GMP-Producer-10,,2020,6265,KS20-0392,0 - 15,,,1,1.4105319410141959,42.993013562112694,,,,,,,,,,,,,,,,,
GMP-Producer-10,,2020,6265,KS20-0393,15 - 30,,,0.73999999999999999,1.5452542344250926,34.853518308304857,,,,,,,,,,,,,,,,,
GMP-Producer-10,,2020,6265,KS20-0394,30 - 50,,,0.38,1.6930550308208876,19.60964058897985,,,,,,,,,,,,,,,,,
GMP-Producer-10,,2020,6265,KS20-0395,50 - 98,,,0.12,1.717665880981694,6.2825347262786444,,,,,,,,,,,,,,,,,
GMP-Producer-10,,2020,6266,KS20-0396,0 - 15,,,1.01,1.2626486672155892,38.870386690498478,,,,,,,,,,,,,,,,,
GMP-Producer-10,,2020,6266,KS20-0397,15 - 30,,,0.77000000000000002,1.5252409695684543,35.796795459383802,,,,,,,,,,,,,,,,,
GMP-Producer-10,,2020,6266,KS20-0398,30 - 50,,,0.5,1.5637087589115231,23.830921485811615,,,,,,,,,,,,,,,,,
GMP-Producer-10,,2020,6266,KS20-0399,50 - 97,,,0.13,1.6324981499056681,6.4686106691862202,,,,,,,,,,,,,,,,,
GMP-Producer-10,,2020,6267,KS20-0400,0 - 15,,,0.88,1.5114733794545101,40.541343573080653,,,,,,,,,,,,,,,,,
GMP-Producer-10,,2020,6267,KS20-0401,15 - 30,,,0.70999999999999996,1.5543973560434834,33.63840230266581,,,,,,,,,,,,,,,,,
GMP-Producer-10,,2020,6267,KS20-0402,30 - 50,,,0.29999999999999999,1.6575443220592307,15.156585280909606,,,,,,,,,,,,,,,,,
GMP-Producer-10,,2020,6267,KS20-0403,50 - 96,,,0.089999999999999997,1.5069018200305242,4.1337330727077344,,,,,,,,,,,,,,,,,
GMP-Producer-10,,2020,6268,KS20-0404,0 - 15,,,0.96999999999999997,1.4540682680550068,42.990400786007108,,,,,,,,,,,,,,,,,
GMP-Producer-10,,2020,6268,KS20-0405,15 - 30,,,0.77000000000000002,1.6346371632492653,38.364280366594961,,,,,,,,,,,,,,,,,
GMP-Producer-10,,2020,6268,KS20-0406,30 - 50,,,0.37,1.8734786976741815,21.128343360890351,,,,,,,,,,,,,,,,,
GMP-Producer-10,,2020,6268,KS20-0407,50 - 100,,,0.14999999999999999,1.7934559826219494,8.1996807525475521,,,,,,,,,,,,,,,,,
GMP-Producer-10,,2020,6269,KS20-0408,0 - 15,,,1.01,1.5393952424805217,47.389974660714365,,,,,,,,,,,,,,,,,
GMP-Producer-10,,2020,6269,KS20-0409,15 - 30,,,0.89000000000000001,1.6808134569832291,45.595762810275453,,,,,,,,,,,,,,,,,
GMP-Producer-10,,2020,6269,KS20-0410,30 - 50,,,0.51000000000000001,1.7338283052722872,26.95201423979665,,,,,,,,,,,,,,,,,
GMP-Producer-10,,2020,6269,KS20-0411,50 - 98,,,0.26000000000000001,1.7975423012892391,14.245163229256962,,,,,,,,,,,,,,,,,
GMP-Producer-10,,2020,6270,KS20-0412,0 - 15,,,0.72999999999999998,1.6757600372799148,37.286331133493015,,,,,,,,,,,,,,,,,
GMP-Producer-10,,2020,6270,KS20-0413,15 - 30,,,0.62,1.821114516040937,34.414693678335212,,,,,,,,,,,,,,,,,
GMP-Producer-10,,2020,6270,KS20-0414,30 - 50,,,0.62,1.6758522650180707,31.669585763405497,,,,,,,,,,,,,,,,,
GMP-Producer-10,,2020,6270,KS20-0415,50 - 98,,,0.28999999999999998,1.7140374277403143,15.150719631282186,,,,,,,,,,,,,,,,,
GMP-Producer-10,,2020,6271,KS20-0416,0 - 15,,,0.68999999999999995,1.6832462123782215,35.400687741768849,,,,,,,,,,,,,,,,,
GMP-Producer-10,,2020,6271,KS20-0417,15 - 30,,,0.60999999999999999,1.7584263266786102,32.69406900667007,,,,,,,,,,,,,,,,,
GMP-Producer-10,,2020,6271,KS20-0418,30 - 50,,,0.40999999999999998,1.7128217081152344,21.404790321974463,,,,,,,,,,,,,,,,,
GMP-Producer-10,,2020,6271,KS20-0419,50 - 96,,,0.080000000000000002,1.7524468387428696,4.2731663715906132,,,,,,,,,,,,,,,,,
GMP-Producer-10,,2020,6272,KS20-0420,0 - 15,,,0.87,1.5639972378772544,41.473453155133882,,,,,,,,,,,,,,,,,
GMP-Producer-10,,2020,6272,KS20-0421,15 - 30,,,0.60999999999999999,1.6544683772777466,30.76119964504969,,,,,,,,,,,,,,,,,
GMP-Producer-10,,2020,6272,KS20-0422,30 - 50,,,0.60999999999999999,1.7210011597176886,31.998230362399045,,,,,,,,,,,,,,,,,
GMP-Producer-10,,2020,6272,KS20-0423,50 - 97,,,0.28000000000000003,1.7109702316347422,14.602104344863545,,,,,,,,,,,,,,,,,
GMP-Producer-10,,2020,6273,KS20-0424,0 - 15,,,0.82999999999999996,1.7779071098675834,44.978205228274071,,,,,,,,,,,,,,,,,
GMP-Producer-10,,2020,6273,KS20-0425,15 - 30,,,0.73999999999999999,1.6686831070959456,37.637481217170475,,,,,,,,,,,,,,,,,
GMP-Producer-10,,2020,6273,KS20-0426,30 - 50,,,0.62,1.5928735074960145,30.101486395256682,,,,,,,,,,,,,,,,,
GMP-Producer-10,,2020,6273,KS20-0427,50 - 100,,,0.26000000000000001,1.6438540839111475,13.027214844179063,,,,,,,,,,,,,,,,,
GMP-Producer-10,,2020,6274,KS20-0428,0 - 15,,,0.87,1.4821814593519287,39.303895066510705,,,,,,,,,,,,,,,,,
GMP-Producer-10,,2020,6274,KS20-0429,15 - 30,,,0.70999999999999996,1.8295816862013812,39.593611354746848,,,,,,,,,,,,,,,,,
GMP-Producer-10,,2020,6274,KS20-0430,30 - 50,,,0.53000000000000003,1.6506733887845488,26.66563819178112,,,,,,,,,,,,,,,,,
GMP-Producer-10,,2020,6274,KS20-0431,50 - 99,,,0.23000000000000001,1.5937550242989036,11.172860222345033,,,,,,,,,,,,,,,,,
GMP-Producer-15,GMP-Field-64,2020,6535,KS20-0432,0 - 15,,,0.66000000000000003,1.8248311355681679,36.709762987997735,,,,,,,,,,,,,,,,,
GMP-Producer-15,GMP-Field-64,2020,6535,KS20-0433,15 - 30,,,0.56999999999999995,1.5376890862381016,26.715195108666283,,,,,,,,,,,,,,,,,
GMP-Producer-15,GMP-Field-64,2020,6535,KS20-0434,30 - 50,,,0.56000000000000005,1.5648684816705023,26.710427139937476,,,,,,,,,,,,,,,,,
GMP-Producer-15,GMP-Field-64,2020,6535,KS20-0435,50 - 100,,,0.28000000000000003,1.6735212577100735,14.282499821800856,,,,,,,,,,,,,,,,,
GMP-Producer-15,GMP-Field-64,2020,6536,KS20-0436,0 - 15,,,1.0800000000000001,1.5291100765187733,50.335857142875597,,,,,,,,,,,,,,,,,
GMP-Producer-15,GMP-Field-64,2020,6536,KS20-0437,15 - 30,,,0.65000000000000002,1.6009977755950024,31.718967930088194,,,,,,,,,,,,,,,,,
GMP-Producer-15,GMP-Field-64,2020,6536,KS20-0438,30 - 50,,,0.44,1.5789884295291388,21.17612962610119,,,,,,,,,,,,,,,,,
GMP-Producer-15,GMP-Field-64,2020,6536,KS20-0439,50 - 100,,,0.20000000000000001,1.6301925862974356,9.9376540060691685,,,,,,,,,,,,,,,,,
GMP-Producer-15,GMP-Field-64,2020,6537,KS20-0440,0 - 15,,,0.68999999999999995,1.695018215556366,35.648267095009039,,,,,,,,,,,,,,,,,
GMP-Producer-15,GMP-Field-64,2020,6537,KS20-0441,15 - 30,,,0.56999999999999995,1.505727998654119,26.159915957417201,,,,,,,,,,,,,,,,,
GMP-Producer-15,GMP-Field-64,2020,6537,KS20-0442,30 - 50,,,0.85999999999999999,1.4083739800944117,36.917425465418795,,,,,,,,,,,,,,,,,
GMP-Producer-15,GMP-Field-64,2020,6537,KS20-0443,50 - 100,,,0.47999999999999998,1.6084524028676672,23.532302034915116,,,,,,,,,,,,,,,,,
GMP-Producer-15,GMP-Field-64,2020,6538,KS20-0444,0 - 15,,,1.04,1.663811467827468,52.741492480956474,,,,,,,,,,,,,,,,,
GMP-Producer-15,GMP-Field-64,2020,6538,KS20-0445,15 - 30,,,0.81000000000000005,1.4343555174291349,35.412516498704434,,,,,,,,,,,,,,,,,
GMP-Producer-15,GMP-Field-64,2020,6538,KS20-0446,30 - 50,,,0.57999999999999996,1.4395470712897218,25.448888945088218,,,,,,,,,,,,,,,,,
GMP-Producer-15,GMP-Field-64,2020,6538,KS20-0447,50 - 98,,,0.22,1.7002221545788287,11.401009679743796,,,,,,,,,,,,,,,,,
GMP-Producer-15,GMP-Field-64,2020,6539,KS20-0448,0 - 15,,,0.66000000000000003,1.5922440388929804,32.030854881602316,,,,,,,,,,,,,,,,,
GMP-Producer-15,GMP-Field-64,2020,6539,KS20-0449,15 - 30,,,0.48999999999999999,1.6801237310310995,25.092983947695675,,,,,,,,,,,,,,,,,
GMP-Producer-15,GMP-Field-64,2020,6539,KS20-0450,30 - 50,,,0.53000000000000003,1.6371329037399813,26.446899780177159,,,,,,,,,,,,,,,,,
GMP-Producer-15,GMP-Field-64,2020,6539,KS20-0451,50 - 99,,,0.42999999999999999,1.6653347037753408,21.826542761561129,,,,,,,,,,,,,,,,,
GMP-Producer-15,GMP-Field-64,2020,6540,KS20-0452,0 - 15,,,0.72999999999999998,1.5959451297797169,35.510417515650616,,,,,,,,,,,,,,,,,
GMP-Producer-15,GMP-Field-64,2020,6540,KS20-0453,15 - 30,,,0.40999999999999998,1.6422682061450486,20.523097318553443,,,,,,,,,,,,,,,,,
GMP-Producer-15,GMP-Field-64,2020,6540,KS20-0454,30 - 50,,,0.53000000000000003,1.5690940713401633,25.347773266057533,,,,,,,,,,,,,,,,,
GMP-Producer-15,GMP-Field-64,2020,6540,KS20-0455,50 - 99,,,0.34000000000000002,1.6637821938105615,17.242107630897614,,,,,,,,,,,,,,,,,
GMP-Producer-15,GMP-Field-64,2020,6541,KS20-0456,0 - 15,,,0.64000000000000001,1.3495151372510708,26.325261685384088,,,,,,,,,,,,,,,,,
GMP-Producer-15,GMP-Field-64,2020,6541,KS20-0457,15 - 30,,,0.48999999999999999,1.7837495805141583,26.64065673489506,,,,,,,,,,,,,,,,,
GMP-Producer-15,GMP-Field-64,2020,6541,KS20-0458,30 - 50,,,0.46999999999999997,1.8189553508659682,26.05762677436552,,,,,,,,,,,,,,,,,
GMP-Producer-15,GMP-Field-64,2020,6541,KS20-0459,50 - 100,,,0.38,1.8802524223836494,21.777835657016382,,,,,,,,,,,,,,,,,
GMP-Producer-15,GMP-Field-64,2020,6542,KS20-0460,0 - 15,,,0.82999999999999996,1.5416388822685521,39.00099709918274,,,,,,,,,,,,,,,,,
GMP-Producer-15,GMP-Field-64,2020,6542,KS20-0461,15 - 30,,,0.78000000000000003,1.5594116932980933,37.074077361146195,,,,,,,,,,,,,,,,,
GMP-Producer-15,GMP-Field-64,2020,6542,KS20-0462,30 - 50,,,0.72999999999999998,1.5093931050796512,33.584600345264271,,,,,,,,,,,,,,,,,
GMP-Producer-15,GMP-Field-64,2020,6542,KS20-0463,50 - 100,,,0.40999999999999998,1.7306373711122558,21.627429099315634,,,,,,,,,,,,,,,,,
GMP-Producer-15,GMP-Field-64,2020,6543,KS20-0464,0 - 15,,,0.64000000000000001,1.3864555336012157,27.045865385065635,,,,,,,,,,,,,,,,,
GMP-Producer-15,GMP-Field-64,2020,6543,KS20-0465,15 - 30,,,0.54000000000000004,1.5999800258708377,26.334391241813293,,,,,,,,,,,,,,,,,
GMP-Producer-15,GMP-Field-64,2020,6543,KS20-0466,30 - 50,,,0.5,1.5281600077066313,23.289158517449064,,,,,,,,,,,,,,,,,
GMP-Producer-15,GMP-Field-64,2020,6543,KS20-0467,50 - 98,,,0.35999999999999999,1.5415039875010825,16.914614954051878,,,,,,,,,,,,,,,,,
GMP-Producer-15,GMP-Field-64,2020,6544,KS20-0468,0 - 15,,,0.60999999999999999,1.5153585613856906,28.174758660131872,,,,,,,,,,,,,,,,,
GMP-Producer-15,GMP-Field-64,2020,6544,KS20-0469,15 - 30,,,0.44,1.7068530951091734,22.890948229128146,,,,,,,,,,,,,,,,,
GMP-Producer-15,GMP-Field-64,2020,6544,KS20-0470,30 - 50,,,0.40999999999999998,1.5754263677835907,19.687788232917974,,,,,,,,,,,,,,,,,
GMP-Producer-15,GMP-Field-64,2020,6544,KS20-0471,50 - 99,,,0.44,1.4664184461427767,19.666431064910011,,,,,,,,,,,,,,,,,
GMP-Producer-15,GMP-Field-64,2020,6545,KS20-0472,0 - 15,,,0.58999999999999997,1.4106338304129495,25.367710299082155,,,,,,,,,,,,,,,,,
GMP-Producer-15,GMP-Field-64,2020,6545,KS20-0473,15 - 30,,,0.53000000000000003,1.6763754798570512,27.080840051802749,,,,,,,,,,,,,,,,,
GMP-Producer-15,GMP-Field-64,2020,6545,KS20-0474,30 - 50,,,0.55000000000000004,1.454407107293481,24.381680746667918,,,,,,,,,,,,,,,,,
GMP-Producer-15,GMP-Field-64,2020,6545,KS20-0475,50 - 100,,,0.48999999999999999,1.5358469413450155,22.938181238376075,,,,,,,,,,,,,,,,,
GMP-Producer-15,GMP-Field-64,2020,6546,KS20-0476,0 - 15,,,0.58999999999999997,1.4534618269856701,26.1378947270487,,,,,,,,,,,,,,,,,
GMP-Producer-15,GMP-Field-64,2020,6546,KS20-0477,15 - 30,,,0.33000000000000002,1.479732199688883,14.883738357350664,,,,,,,,,,,,,,,,,
GMP-Producer-15,GMP-Field-64,2020,6546,KS20-0478,30 - 50,,,0.32000000000000001,1.5433396247297919,15.053117363764501,,,,,,,,,,,,,,,,,
GMP-Producer-15,GMP-Field-64,2020,6546,KS20-0479,50 - 100,,,0.54000000000000004,1.4802917848905832,24.364418545871089,,,,,,,,,,,,,,,,,
GMP-Producer-15,GMP-Field-64,2020,6547,KS20-0480,0 - 15,,,0.64000000000000001,1.4935703179925832,29.135374907144922,,,,,,,,,,,,,,,,,
GMP-Producer-15,GMP-Field-64,2020,6547,KS20-0481,15 - 30,,,0.27000000000000002,1.6502691564166851,13.581055049646753,,,,,,,,,,,,,,,,,
GMP-Producer-15,GMP-Field-64,2020,6547,KS20-0482,30 - 50,,,0.51000000000000001,1.5386526566585936,23.918047817226512,,,,,,,,,,,,,,,,,
GMP-Producer-15,GMP-Field-64,2020,6547,KS20-0483,50 - 100,,,0.29999999999999999,1.7055129828903761,15.5952107155496,,,,,,,,,,,,,,,,,
GMP-Producer-15,GMP-Field-64,2020,6548,KS20-0484,0 - 15,,,0.84999999999999998,1.4944430300472735,38.71803002246476,,,,,,,,,,,,,,,,,
GMP-Producer-15,GMP-Field-64,2020,6548,KS20-0485,15 - 30,,,0.81999999999999995,1.6255244173576846,40.627707077671026,,,,,,,,,,,,,,,,,
GMP-Producer-15,GMP-Field-64,2020,6548,KS20-0486,30 - 50,,,0.65000000000000002,1.479241942483043,29.30674136447405,,,,,,,,,,,,,,,,,
GMP-Producer-15,GMP-Field-64,2020,6548,KS20-0487,50 - 100,,,0.34999999999999998,1.6372242845848044,17.465908667950689,,,,,,,,,,,,,,,,,
GMP-Producer-15,GMP-Field-64,2020,6549,KS20-0488,0 - 15,,,1.04,1.409752152807336,44.688015442270313,,,,,,,,,,,,,,,,,
GMP-Producer-15,GMP-Field-64,2020,6549,KS20-0489,15 - 30,,,0.70999999999999996,1.6520424279492816,35.751519774764809,,,,,,,,,,,,,,,,,
GMP-Producer-15,GMP-Field-64,2020,6549,KS20-0490,30 - 50,,,0.68000000000000005,1.4881638014489544,30.844278214351611,,,,,,,,,,,,,,,,,
GMP-Producer-15,GMP-Field-64,2020,6549,KS20-0491,50 - 100,,,0.37,1.7402459117866926,19.625797294765611,,,,,,,,,,,,,,,,,
GMP-Producer-15,GMP-Field-64,2020,6550,KS20-0492,0 - 15,,,1.1799999999999999,1.5305528485342292,55.048475971521505,,,,,,,,,,,,,,,,,
GMP-Producer-15,GMP-Field-64,2020,6550,KS20-0493,15 - 30,,,0.81999999999999995,1.6166590712115665,40.40613016223341,,,,,,,,,,,,,,,,,
GMP-Producer-15,GMP-Field-64,2020,6550,KS20-0494,30 - 50,,,0.84999999999999998,1.5488387589373074,40.12731456654776,,,,,,,,,,,,,,,,,
GMP-Producer-15,GMP-Field-64,2020,6550,KS20-0495,50 - 98,,,0.37,1.6895388148819777,19.053942938712993,,,,,,,,,,,,,,,,,
GMP-Producer-15,GMP-Field-64,2020,6551,KS20-0496,0 - 15,,,1.1899999999999999,1.5349425905785183,55.674209691391553,,,,,,,,,,,,,,,,,
GMP-Producer-15,GMP-Field-64,2020,6551,KS20-0497,15 - 30,,,0.67000000000000004,1.6390860237799496,33.472759143224621,,,,,,,,,,,,,,,,,
GMP-Producer-15,GMP-Field-64,2020,6551,KS20-0498,30 - 50,,,0.56000000000000005,1.6026605022012106,27.355491579972028,,,,,,,,,,,,,,,,,
GMP-Producer-15,GMP-Field-64,2020,6551,KS20-0499,50 - 100,,,0.20999999999999999,1.7404076458275672,11.140001259413092,,,,,,,,,,,,,,,,,
GMP-Producer-15,GMP-Field-64,2020,6552,KS20-0500,0 - 15,,,0.92000000000000004,1.5170694170742076,42.541053765828103,,,,,,,,,,,,,,,,,
GMP-Producer-15,GMP-Field-64,2020,6552,KS20-0501,15 - 30,,,0.67000000000000004,1.5670008901840973,32.000665378983562,,,,,,,,,,,,,,,,,
GMP-Producer-15,GMP-Field-64,2020,6552,KS20-0502,30 - 50,,,0.52000000000000002,1.5805617742793217,25.051271897617543,,,,,,,,,,,,,,,,,
GMP-Producer-15,GMP-Field-64,2020,6552,KS20-0503,50 - 99,,,0.28000000000000003,1.8244345024249975,15.570453817495901,,,,,,,,,,,,,,,,,
GMP-Producer-15,GMP-Field-64,2020,6553,KS20-0504,0 - 15,,,1.24,1.4102148262872241,53.299351402490899,,,,,,,,,,,,,,,,,
GMP-Producer-15,GMP-Field-64,2020,6553,KS20-0505,15 - 30,,,0.77000000000000002,1.5792080461135012,37.063381159065429,,,,,,,,,,,,,,,,,
GMP-Producer-15,GMP-Field-64,2020,6553,KS20-0506,30 - 50,,,0.68999999999999995,1.4946983614415392,31.435300179149298,,,,,,,,,,,,,,,,,
GMP-Producer-15,GMP-Field-64,2020,6553,KS20-0507,50 - 98,,,0.46999999999999997,1.5482284633145855,22.179301674059428,,,,,,,,,,,,,,,,,
GMP-Producer-15,GMP-Field-64,2020,6554,KS20-0508,0 - 15,,,1.3200000000000001,1.3301046570526018,53.514898729991572,,,,,,,,,,,,,,,,,
GMP-Producer-15,GMP-Field-64,2020,6554,KS20-0509,15 - 30,,,0.73999999999999999,1.4763691328813975,33.299801065966498,,,,,,,,,,,,,,,,,
GMP-Producer-15,GMP-Field-64,2020,6554,KS20-0510,30 - 50,,,0.59999999999999998,1.6622209706270625,30.398697110827722,,,,,,,,,,,,,,,,,
GMP-Producer-15,GMP-Field-64,2020,6554,KS20-0511,50 - 100,,,0.35999999999999999,1.6388594676684853,17.982877166832754,,,,,,,,,,,,,,,,,
GMP-Producer-15,GMP-Field-64,2020,6555,KS20-0512,0 - 15,,,1.1299999999999999,1.4115180928620343,48.616070761591331,,,,,,,,,,,,,,,,,
GMP-Producer-15,GMP-Field-64,2020,6555,KS20-0513,15 - 30,,,0.85999999999999999,1.5917945638012001,41.725392542008102,,,,,,,,,,,,,,,,,
GMP-Producer-15,GMP-Field-64,2020,6555,KS20-0514,30 - 50,,,0.81999999999999995,1.64071159611895,41.007289348758583,,,,,,,,,,,,,,,,,
GMP-Producer-15,GMP-Field-64,2020,6555,KS20-0515,50 - 100,,,0.96999999999999997,1.5202900384323106,44.948287160274326,,,,,,,,,,,,,,,,,
GMP-Producer-15,GMP-Field-64,2020,6556,KS20-0516,0 - 15,,,1.24,1.2953755239469511,48.958977002679802,,,,,,,,,,,,,,,,,
GMP-Producer-15,GMP-Field-64,2020,6556,KS20-0517,15 - 30,,,0.88,1.5304253816152156,41.049681755835962,,,,,,,,,,,,,,,,,
GMP-Producer-15,GMP-Field-64,2020,6556,KS20-0518,30 - 50,,,0.81000000000000005,1.4284006059402325,35.265496879937217,,,,,,,,,,,,,,,,,
GMP-Producer-15,GMP-Field-64,2020,6556,KS20-0519,50 - 99,,,0.39000000000000001,1.6043409385415606,19.071121604631241,,,,,,,,,,,,,,,,,
GMP-Producer-15,GMP-Field-64,2020,6557,KS20-0520,0 - 15,,,0.82999999999999996,1.4557170745668855,36.827312839222898,,,,,,,,,,,,,,,,,
GMP-Producer-15,GMP-Field-64,2020,6557,KS20-0521,15 - 30,,,0.76000000000000001,1.443153139584151,33.430353847838944,,,,,,,,,,,,,,,,,
GMP-Producer-15,GMP-Field-64,2020,6557,KS20-0522,30 - 50,,,0.80000000000000004,1.3498025541148855,32.913585479537367,,,,,,,,,,,,,,,,,
GMP-Producer-15,GMP-Field-64,2020,6557,KS20-0523,50 - 99,,,0.44,1.5756081583773924,21.130796133630888,,,,,,,,,,,,,,,,,
GMP-Producer-15,GMP-Field-64,2020,6558,KS20-0524,0 - 15,,,0.84999999999999998,1.4251267398664988,36.922183576461251,,,,,,,,,,,,,,,,,
GMP-Producer-15,GMP-Field-64,2020,6558,KS20-0525,15 - 30,,,0.67000000000000004,1.5055099387572977,30.744921765326033,,,,,,,,,,,,,,,,,
GMP-Producer-15,GMP-Field-64,2020,6558,KS20-0526,30 - 50,,,0.34000000000000002,1.6989798722861431,17.60686821247576,,,,,,,,,,,,,,,,,
GMP-Producer-15,GMP-Field-64,2020,6558,KS20-0527,50 - 100,,,0.14999999999999999,1.7465735579964994,7.9853343071599969,,,,,,,,,,,,,,,,,
GMP-Producer-15,GMP-Field-64,2020,6559,KS20-0528,0 - 15,,,0.79000000000000004,1.273381202819629,30.662000658934417,,,,,,,,,,,,,,,,,
GMP-Producer-15,GMP-Field-64,2020,6559,KS20-0529,15 - 30,,,0.46999999999999997,1.4593853673125201,20.90657101797224,,,,,,,,,,,,,,,,,
GMP-Producer-15,GMP-Field-64,2020,6559,KS20-0530,30 - 50,,,0.27000000000000002,1.606757183430936,13.222968916763232,,,,,,,,,,,,,,,,,
GMP-Producer-15,GMP-Field-64,2020,6559,KS20-0531,50 - 100,,,0.20000000000000001,1.83993233524514,11.216227515654372,,,,,,,,,,,,,,,,,
GMP-Producer-15,GMP-Field-64,2020,6560,KS20-0532,0 - 15,,,0.91000000000000003,1.6855441466314465,46.751600886287115,,,,,,,,,,,,,,,,,
GMP-Producer-15,GMP-Field-64,2020,6560,KS20-0533,15 - 30,,,0.53000000000000003,1.5884176086658732,25.659933417431986,,,,,,,,,,,,,,,,,
GMP-Producer-15,GMP-Field-64,2020,6560,KS20-0534,30 - 50,,,0.47999999999999998,1.4242344764696004,20.837120084540842,,,,,,,,,,,,,,,,,
GMP-Producer-15,GMP-Field-64,2020,6560,KS20-0535,50 - 100,,,0.20999999999999999,1.5713738653850711,10.058049837556762,,,,,,,,,,,,,,,,,
GMP-Producer-15,GMP-Field-64,2020,6561,KS20-0536,0 - 15,,,0.73999999999999999,1.3741279600909275,30.993730965442893,,,,,,,,,,,,,,,,,
GMP-Producer-15,GMP-Field-64,2020,6561,KS20-0537,15 - 30,,,0.63,1.5382477595897983,29.538048778747143,,,,,,,,,,,,,,,,,
GMP-Producer-15,GMP-Field-64,2020,6561,KS20-0538,30 - 50,,,0.57999999999999996,1.4352927433450686,25.37367923395146,,,,,,,,,,,,,,,,,
GMP-Producer-15,GMP-Field-64,2020,6561,KS20-0539,50 - 100,,,0.48999999999999999,1.5252857550360153,22.780447808613896,,,,,,,,,,,,,,,,,
GMP-Producer-15,GMP-Field-64,2020,6562,KS20-0540,0 - 15,,,0.55000000000000004,1.5292640675372726,25.636582828194843,,,,,,,,,,,,,,,,,
GMP-Producer-15,GMP-Field-64,2020,6562,KS20-0541,15 - 30,,,0.54000000000000004,1.6205441220835493,26.672859814197558,,,,,,,,,,,,,,,,,
GMP-Producer-15,GMP-Field-64,2020,6562,KS20-0542,30 - 50,,,0.57999999999999996,1.5718977984556588,27.788638040218522,,,,,,,,,,,,,,,,,
GMP-Producer-15,GMP-Field-64,2020,6562,KS20-0543,50 - 100,,,0.29999999999999999,1.6039182226455275,14.666228227870704,,,,,,,,,,,,,,,,,
GMP-Producer-15,GMP-Field-64,2020,6563,KS20-0544,0 - 15,,,1.1699999999999999,1.443101569851565,51.46331094341857,,,,,,,,,,,,,,,,,
GMP-Producer-15,GMP-Field-64,2020,6563,KS20-0545,15 - 30,,,0.81000000000000005,1.7634950998131596,43.538577820267143,,,,,,,,,,,,,,,,,
GMP-Producer-15,GMP-Field-64,2020,6563,KS20-0546,30 - 50,,,0.58999999999999997,1.6165878508045113,29.071422638587688,,,,,,,,,,,,,,,,,
GMP-Producer-15,GMP-Field-64,2020,6563,KS20-0547,50 - 100,,,0.20000000000000001,1.8144015529728634,11.060591866922575,,,,,,,,,,,,,,,,,
GMP-Producer-15,GMP-Field-64,2020,6564,KS20-0548,0 - 15,,,0.58999999999999997,1.6113171357221416,28.976638315118418,,,,,,,,,,,,,,,,,
GMP-Producer-15,GMP-Field-64,2020,6564,KS20-0549,15 - 30,,,0.40999999999999998,1.6106099401277982,20.127470299789067,,,,,,,,,,,,,,,,,
GMP-Producer-15,GMP-Field-64,2020,6564,KS20-0550,30 - 50,,,0.42999999999999999,1.511325907361871,19.808041872247628,,,,,,,,,,,,,,,,,
GMP-Producer-15,GMP-Field-64,2020,6564,KS20-0551,50 - 100,,,0.52000000000000002,1.4809199870424359,23.471989426627797,,,,,,,,,,,,,,,,,
GMP-Producer-15,GMP-Field-64,2020,6565,KS20-0552,0 - 15,,,0.93999999999999995,1.5752554890319321,45.132960067351696,,,,,,,,,,,,,,,,,
GMP-Producer-15,GMP-Field-64,2020,6565,KS20-0553,15 - 30,,,0.54000000000000004,1.6551614663070351,27.242633606240755,,,,,,,,,,,,,,,,,
GMP-Producer-15,GMP-Field-64,2020,6565,KS20-0554,30 - 50,,,0.63,1.4678184450367917,28.185636908974487,,,,,,,,,,,,,,,,,
GMP-Producer-15,GMP-Field-64,2020,6565,KS20-0555,50 - 99,,,0.66000000000000003,1.497150783577722,30.117882883076327,,,,,,,,,,,,,,,,,
GMP-Producer-15,GMP-Field-64,2020,6566,KS20-0556,0 - 15,,,0.73999999999999999,1.5305650269253548,34.522200295306767,,,,,,,,,,,,,,,,,
GMP-Producer-15,GMP-Field-64,2020,6566,KS20-0557,15 - 30,,,0.47999999999999998,1.7193657414391696,25.155008543551631,,,,,,,,,,,,,,,,,
GMP-Producer-15,GMP-Field-64,2020,6566,KS20-0558,30 - 50,,,0.82999999999999996,1.5835403096549574,40.061036169774979,,,,,,,,,,,,,,,,,
GMP-Producer-15,GMP-Field-64,2020,6566,KS20-0559,50 - 100,,,0.48999999999999999,1.6295852299752125,24.338181326725795,,,,,,,,,,,,,,,,,
GMP-Producer-15,GMP-Field-64,2020,6567,KS20-0560,0 - 15,,,0.69999999999999996,1.5043947279312762,32.097765915141707,,,,,,,,,,,,,,,,,
GMP-Producer-15,GMP-Field-64,2020,6567,KS20-0561,15 - 30,,,0.60999999999999999,1.6046083148598838,29.834161476526848,,,,,,,,,,,,,,,,,
GMP-Producer-15,GMP-Field-64,2020,6567,KS20-0562,30 - 50,,,0.60999999999999999,1.4210661432092238,26.421598587460458,,,,,,,,,,,,,,,,,
GMP-Producer-15,GMP-Field-64,2020,6567,KS20-0563,50 - 100,,,0.51000000000000001,1.425701831006227,22.162249822625604,,,,,,,,,,,,,,,,,
GMP-Producer-15,GMP-Field-64,2020,6568,KS20-0564,0 - 15,,,0.59999999999999998,1.6747684552537541,30.62816550968066,,,,,,,,,,,,,,,,,
GMP-Producer-15,GMP-Field-64,2020,6568,KS20-0565,15 - 30,,,0.51000000000000001,1.6114621808793541,25.049857309333387,,,,,,,,,,,,,,,,,
GMP-Producer-15,GMP-Field-64,2020,6568,KS20-0566,30 - 50,,,0.46000000000000002,1.5531463848192995,21.776354832274436,,,,,,,,,,,,,,,,,
GMP-Producer-15,GMP-Field-64,2020,6568,KS20-0567,50 - 95,,,0.46999999999999997,1.4781351033303456,21.175172236269201,,,,,,,,,,,,,,,,,
GMP-Producer-15,GMP-Field-64,2020,6569,KS20-0568,0 - 15,,,0.76000000000000001,1.6728761078169654,38.751840462358437,,,,,,,,,,,,,,,,,
GMP-Producer-15,GMP-Field-64,2020,6569,KS20-0569,15 - 30,,,0.48999999999999999,1.4704889887933434,21.962047145426343,,,,,,,,,,,,,,,,,
GMP-Producer-15,GMP-Field-64,2020,6569,KS20-0570,30 - 50,,,0.48999999999999999,1.5173880435771969,22.662493908434151,,,,,,,,,,,,,,,,,
GMP-Producer-15,GMP-Field-64,2020,6569,KS20-0571,50 - 98,,,0.40000000000000002,1.5083059089159134,18.389265641502817,,,,,,,,,,,,,,,,,
GMP-Producer-15,GMP-Field-64,2020,6570,KS20-0572,0 - 15,,,1.0700000000000001,1.4130876578978764,46.085875639618187,,,,,,,,,,,,,,,,,
GMP-Producer-15,GMP-Field-64,2020,6570,KS20-0573,15 - 30,,,0.84999999999999998,1.5864801644751541,41.102528101222298,,,,,,,,,,,,,,,,,
GMP-Producer-15,GMP-Field-64,2020,6570,KS20-0574,30 - 50,,,0.71999999999999997,1.4785734402300881,32.448181289913421,,,,,,,,,,,,,,,,,
GMP-Producer-15,GMP-Field-64,2020,6570,KS20-0575,50 - 99,,,0.27000000000000002,1.6557212283816667,13.625923421089766,,,,,,,,,,,,,,,,,
GMP-Producer-15,GMP-Field-64,2020,6571,KS20-0576,0 - 15,,,1.24,1.4321343314855683,54.127803485363351,,,,,,,,,,,,,,,,,
GMP-Producer-15,GMP-Field-64,2020,6571,KS20-0577,15 - 30,,,0.71999999999999997,1.5983679937858954,35.077144644427747,,,,,,,,,,,,,,,,,
GMP-Producer-15,GMP-Field-64,2020,6571,KS20-0578,30 - 50,,,0.52000000000000002,1.5413677506627248,24.430062300903927,,,,,,,,,,,,,,,,,
GMP-Producer-15,GMP-Field-64,2020,6571,KS20-0579,50 - 99,,,0.20999999999999999,1.6726589063806701,10.706355127961393,,,,,,,,,,,,,,,,,
GMP-Producer-15,GMP-Field-64,2020,6572,KS20-0580,0 - 15,,,1.04,1.5212326115995385,48.221856801616106,,,,,,,,,,,,,,,,,
GMP-Producer-15,GMP-Field-64,2020,6572,KS20-0581,15 - 30,,,0.82999999999999996,1.5097824712098564,38.195080869655435,,,,,,,,,,,,,,,,,
GMP-Producer-15,GMP-Field-64,2020,6572,KS20-0582,30 - 50,,,0.5,1.6828553897260641,25.646716139425223,,,,,,,,,,,,,,,,,
GMP-Producer-15,GMP-Field-64,2020,6572,KS20-0583,50 - 99,,,0.23000000000000001,1.7661624066837216,12.381504935815563,,,,,,,,,,,,,,,,,
GMP-Producer-15,GMP-Field-64,2020,6573,KS20-0584,0 - 15,,,0.88,1.567924383881472,42.0554949942224,,,,,,,,,,,,,,,,,
GMP-Producer-15,GMP-Field-64,2020,6573,KS20-0585,15 - 30,,,0.47999999999999998,1.6940409447421758,24.784496637955929,,,,,,,,,,,,,,,,,
GMP-Producer-15,GMP-Field-64,2020,6573,KS20-0586,30 - 50,,,0.32000000000000001,1.7032783960432516,16.613096163647459,,,,,,,,,,,,,,,,,
GMP-Producer-15,GMP-Field-64,2020,6573,KS20-0587,50 - 99,,,0.62,1.5073161800729702,28.48465824454696,,,,,,,,,,,,,,,,,
GMP-Producer-15,GMP-Field-64,2020,6574,KS20-0588,0 - 15,,,1.1200000000000001,1.448367897917995,49.443803951965357,,,,,,,,,,,,,,,,,
GMP-Producer-15,GMP-Field-64,2020,6574,KS20-0589,15 - 30,,,0.88,1.6440730681990943,44.097985464463385,,,,,,,,,,,,,,,,,
GMP-Producer-15,GMP-Field-64,2020,6574,KS20-0590,30 - 50,,,0.95999999999999996,1.5893230825158648,46.504864852880225,,,,,,,,,,,,,,,,,
GMP-Producer-15,GMP-Field-64,2020,6574,KS20-0591,50 - 98,,,0.41999999999999998,1.6831165886272379,21.546585320970451,,,,,,,,,,,,,,,,,
GMP-Producer-15,GMP-Field-64,2020,6675,KS20-0592,0 - 15,,,1.22,1.5427208132464663,57.366999073057805,,,,,,,,,,,,,,,,,
GMP-Producer-15,GMP-Field-64,2020,6675,KS20-0593,15 - 30,,,0.83999999999999997,1.647716239769621,42.186808430069568,,,,,,,,,,,,,,,,,
GMP-Producer-15,GMP-Field-64,2020,6675,KS20-0594,30 - 50,,,0.90000000000000002,1.4643463218578505,40.169948301204563,,,,,,,,,,,,,,,,,
GMP-Producer-15,GMP-Field-64,2020,6675,KS20-0595,50 - 100,,,0.42999999999999999,1.5587484437097294,20.429580602637195,,,,,,,,,,,,,,,,,
GMP-Producer-15,GMP-Field-64,2020,6576,KS20-0596,0 - 15,,,1.3100000000000001,1.5227846269434866,60.802962812301089,,,,,,,,,,,,,,,,,
GMP-Producer-15,GMP-Field-64,2020,6576,KS20-0597,15 - 30,,,0.89000000000000001,1.3954194558219595,37.853822661973467,,,,,,,,,,,,,,,,,
GMP-Producer-15,GMP-Field-64,2020,6576,KS20-0598,30 - 50,,,0.70999999999999996,1.5197262929683135,32.88809276086868,,,,,,,,,,,,,,,,,
GMP-Producer-15,GMP-Field-64,2020,6576,KS20-0599,50 - 100,,,0.35999999999999999,1.7059001000730558,18.718500618081627,,,,,,,,,,,,,,,,,
GMP-Producer-15,GMP-Field-64,2020,6577,KS20-0600,0 - 15,,,1.29,1.5987289970463825,62.860745180666129,,,,,,,,,,,,,,,,,
