field_id,year,core_id,lat,lon,shac_id,depth,soc,bd
GMP-Field-51,2020,6167,37.91729409,-98.10604911,KS20-0001,0 - 15,1.3500000000000001,1.4592205132082701
GMP-Field-51,2020,6167,37.91729409,-98.10604911,KS20-0002,15 - 30,0.91000000000000003,1.3427456585268023
GMP-Field-51,2020,6167,37.91729409,-98.10604911,KS20-0003,30 - 50,0.46999999999999997,1.3232810275105642
GMP-Field-51,2020,6167,37.91729409,-98.10604911,KS20-0004,50 - 100,0.23999999999999999,1.2905034618096771
GMP-Field-51,2020,6168,37.91811952,-98.10617085,KS20-0005,0 - 15,0.65000000000000002,1.6450833005276435
GMP-Field-51,2020,6168,37.91811952,-98.10617085,KS20-0006,15 - 30,0.42999999999999999,1.7303179070908457
GMP-Field-51,2020,6168,37.91811952,-98.10617085,KS20-0007,30 - 50,0.52000000000000002,1.5971488024701512
GMP-Field-51,2020,6168,37.91811952,-98.10617085,KS20-0008,50 - 100,0.46999999999999997,1.5840798850592661
GMP-Field-51,2020,6169,37.91828504,-98.10581907,KS20-0009,0 - 15,0.53000000000000003,1.7309424496081771
GMP-Field-51,2020,6169,37.91828504,-98.10581907,KS20-0010,15 - 30,0.46999999999999997,1.8462539632756292
GMP-Field-51,2020,6169,37.91828504,-98.10581907,KS20-0011,30 - 50,0.46000000000000002,1.6631254210600213
GMP-Field-51,2020,6169,37.91828504,-98.10581907,KS20-0012,50 - 100,0.42999999999999999,1.541332582445184
GMP-Field-51,2020,6170,37.91857553,-98.10797953,KS20-0013,0 - 15,1.3799999999999999,1.4497484014889541
GMP-Field-51,2020,6170,37.91857553,-98.10797953,KS20-0014,15 - 30,1.21,1.5007367264051306
GMP-Field-51,2020,6170,37.91857553,-98.10797953,KS20-0015,30 - 50,0.75,1.5249342732805207
GMP-Field-51,2020,6170,37.91857553,-98.10797953,KS20-0016,50 - 100,0.37,1.2704024938254017
GMP-Field-51,2020,6171,37.91848343,-98.10877354,KS20-0017,0 - 15,0.93999999999999995,1.5595716074669836
GMP-Field-51,2020,6171,37.91848343,-98.10877354,KS20-0018,15 - 30,0.98999999999999999,1.5453581803761725
GMP-Field-51,2020,6171,37.91848343,-98.10877354,KS20-0019,30 - 50,0.56000000000000005,1.5845158340112713
GMP-Field-51,2020,6171,37.91848343,-98.10877354,KS20-0020,50 - 100,0.28000000000000003,1.1560831382368415
GMP-Field-51,2020,6172,37.91777307,-98.10901254,KS20-0021,0 - 15,0.85999999999999999,1.7284484676143883
GMP-Field-51,2020,6172,37.91777307,-98.10901254,KS20-0022,15 - 30,0.76000000000000001,1.5812291515015757
GMP-Field-51,2020,6172,37.91777307,-98.10901254,KS20-0023,30 - 50,0.58999999999999997,1.6067475743989372
GMP-Field-51,2020,6172,37.91777307,-98.10901254,KS20-0024,50 - 100,0.31,1.6215816508324905
GMP-Field-51,2020,6173,37.91813202,-98.10980106,KS20-0025,0 - 15,0.52000000000000002,1.6338268964722649
GMP-Field-51,2020,6173,37.91813202,-98.10980106,KS20-0026,15 - 30,0.29999999999999999,1.8035670790382625
GMP-Field-51,2020,6173,37.91813202,-98.10980106,KS20-0027,30 - 50,0.32000000000000001,1.748227927338055
GMP-Field-51,2020,6173,37.91813202,-98.10980106,KS20-0028,50 - 100,0.29999999999999999,1.6768225830567274
GMP-Field-51,2020,6174,37.91840662,-98.11026094,KS20-0029,0 - 15,0.48999999999999999,1.5906099920224743
GMP-Field-51,2020,6174,37.91840662,-98.11026094,KS20-0030,15 - 30,0.25,1.6698392703412617
GMP-Field-51,2020,6174,37.91840662,-98.11026094,KS20-0031,30 - 50,0.25,1.7034822659437145
GMP-Field-51,2020,6174,37.91840662,-98.11026094,KS20-0032,50 - 100,0.33000000000000002,1.2569593660780358
GMP-Field-51,2020,6175,37.91904646,-98.11173056,KS20-0033,0 - 15,0.62,1.7079504267859116
GMP-Field-51,2020,6175,37.91904646,-98.11173056,KS20-0034,15 - 30,0.81999999999999995,1.562284080521541
GMP-Field-51,2020,6175,37.91904646,-98.11173056,KS20-0035,30 - 50,0.68999999999999995,1.661258626679734
GMP-Field-51,2020,6175,37.91904646,-98.11173056,KS20-0036,50 - 100,0.33000000000000002,1.6547077672842077
GMP-Field-51,2020,6176,37.91824745,-98.11312538,KS20-0037,0 - 15,0.57999999999999996,1.5381085124252039
GMP-Field-51,2020,6176,37.91824745,-98.11312538,KS20-0038,15 - 30,0.68999999999999995,1.5993389177329229
GMP-Field-51,2020,6176,37.91824745,-98.11312538,KS20-0039,30 - 50,0.85999999999999999,1.618537447163866
GMP-Field-51,2020,6176,37.91824745,-98.11312538,KS20-0040,50 - 100,0.23999999999999999,1.7264083578029401
GMP-Field-51,2020,6177,37.91734645,-98.11277211,KS20-0041,0 - 15,0.70999999999999996,1.6409676922651808
GMP-Field-51,2020,6177,37.91734645,-98.11277211,KS20-0042,15 - 30,0.56999999999999995,1.7935007367549347
GMP-Field-51,2020,6177,37.91734645,-98.11277211,KS20-0043,30 - 50,0.56999999999999995,1.6477816627888433
GMP-Field-51,2020,6177,37.91734645,-98.11277211,KS20-0044,50 - 100,0.22,1.6554371871161222
GMP-Field-51,2020,6178,37.9172504,-98.1126714,KS20-0045,0 - 15,0.59999999999999998,1.8017231687527488
GMP-Field-51,2020,6178,37.9172504,-98.1126714,KS20-0046,15 - 30,0.76000000000000001,1.6038455230734421
GMP-Field-51,2020,6178,37.9172504,-98.1126714,KS20-0047,30 - 50,0.53000000000000003,1.6218459178972262
GMP-Field-51,2020,6178,37.9172504,-98.1126714,KS20-0048,50 - 100,0.17000000000000001,1.6969649070581971
GMP-Field-51,2020,6179,37.91708501,-98.112685,KS20-0049,0 - 15,0.64000000000000001,1.4705631180288035
GMP-Field-51,2020,6179,37.91708501,-98.112685,KS20-0050,15 - 30,0.59999999999999998,1.7442242112414974
GMP-Field-51,2020,6179,37.91708501,-98.112685,KS20-0051,30 - 50,0.67000000000000004,1.6262853865855429
GMP-Field-51,2020,6179,37.91708501,-98.112685,KS20-0052,50 - 100,0.33000000000000002,1.5809454393434925
GMP-Field-51,2020,6180,37.91699439,-98.1139052,KS20-0053,0 - 15,0.63,1.5555379280030013
GMP-Field-51,2020,6180,37.91699439,-98.1139052,KS20-0054,15 - 30,0.52000000000000002,1.8139769043430347
GMP-Field-51,2020,6180,37.91699439,-98.1139052,KS20-0055,30 - 50,0.76000000000000001,1.6533603853841252
GMP-Field-51,2020,6180,37.91699439,-98.1139052,KS20-0056,50 - 100,0.33000000000000002,1.5802630587361859
GMP-Field-51,2020,6181,37.91673023,-98.11412938,KS20-0057,0 - 15,0.56999999999999995,1.6431983476761189
GMP-Field-51,2020,6181,37.91673023,-98.11412938,KS20-0058,15 - 30,0.42999999999999999,1.7858777080078745
GMP-Field-51,2020,6181,37.91673023,-98.11412938,KS20-0059,30 - 50,0.81999999999999995,1.5960415743658549
GMP-Field-51,2020,6181,37.91673023,-98.11412938,KS20-0060,50 - 100,0.41999999999999998,1.5461980275155967
GMP-Field-51,2020,6182,37.91616681,-98.11301009,KS20-0061,0 - 15,0.60999999999999999,1.6520880043274142
GMP-Field-51,2020,6182,37.91616681,-98.11301009,KS20-0062,15 - 30,0.40000000000000002,1.7199672415157563
GMP-Field-51,2020,6182,37.91616681,-98.11301009,KS20-0063,30 - 50,0.46000000000000002,1.6599308561855239
GMP-Field-51,2020,6182,37.91616681,-98.11301009,KS20-0064,50 - 100,0.25,1.4049813983758492
GMP-Field-51,2020,6183,37.91661904,-98.11269,KS20-0065,0 - 15,0.40999999999999998,1.5880451920923204
GMP-Field-51,2020,6183,37.91661904,-98.11269,KS20-0066,15 - 30,0.56000000000000005,1.7109345601721901
GMP-Field-51,2020,6183,37.91661904,-98.11269,KS20-0067,30 - 50,0.44,1.6025095426631639
GMP-Field-51,2020,6183,37.91661904,-98.11269,KS20-0068,50 - 100,0.20000000000000001,1.6253566545316949
GMP-Field-51,2020,6184,37.9170599,-98.11152818,KS20-0069,0 - 15,0.68000000000000005,1.4252576727334876
GMP-Field-51,2020,6184,37.9170599,-98.11152818,KS20-0070,15 - 30,0.48999999999999999,1.7189053479300467
GMP-Field-51,2020,6184,37.9170599,-98.11152818,KS20-0071,30 - 50,0.46000000000000002,1.6850062506720076
GMP-Field-51,2020,6184,37.9170599,-98.11152818,KS20-0072,50 - 100,0.40999999999999998,1.6995990882693783
GMP-Field-51,2020,6185,37.91595087,-98.10971693,KS20-0073,0 - 15,0.92000000000000004,1.4467507095020589
GMP-Field-51,2020,6185,37.91595087,-98.10971693,KS20-0074,15 - 30,0.96999999999999997,1.4733665348026601
GMP-Field-51,2020,6185,37.91595087,-98.10971693,KS20-0075,30 - 50,1.0700000000000001,1.4524893242363606
GMP-Field-51,2020,6185,37.91595087,-98.10971693,KS20-0076,50 - 100,0.33000000000000002,1.7037455013585114
GMP-Field-51,2020,6186,37.9157823,-98.10971323,KS20-0077,0 - 15,0.81000000000000005,1.6631314320122321
GMP-Field-51,2020,6186,37.9157823,-98.10971323,KS20-0078,15 - 30,0.56000000000000005,1.5941569467385635
GMP-Field-51,2020,6186,37.9157823,-98.10971323,KS20-0079,30 - 50,0.41999999999999998,1.6557382302399211
GMP-Field-51,2020,6186,37.9157823,-98.10971323,KS20-0080,50 - 100,0.17999999999999999,1.7425105266180003
GMP-Field-51,2020,6187,37.91614393,-98.10848714,KS20-0081,0 - 15,1.3999999999999999,1.2970226225430561
GMP-Field-51,2020,6187,37.91614393,-98.10848714,KS20-0082,15 - 30,1.1499999999999999,1.6890947384464012
GMP-Field-51,2020,6187,37.91614393,-98.10848714,KS20-0083,30 - 50,0.77000000000000002,1.4569146169924441
GMP-Field-51,2020,6187,37.91614393,-98.10848714,KS20-0084,50 - 100,0.33000000000000002,1.7453156079698986
GMP-Field-51,2020,6188,37.9160528,-98.10822957,KS20-0085,0 - 15,1.3400000000000001,1.37632870879416
GMP-Field-51,2020,6188,37.9160528,-98.10822957,KS20-0086,15 - 30,1.0800000000000001,1.5088520184830785
GMP-Field-51,2020,6188,37.9160528,-98.10822957,KS20-0087,30 - 50,0.63,1.6261235887771832
GMP-Field-51,2020,6188,37.9160528,-98.10822957,KS20-0088,50 - 100,0.28999999999999998,1.6513088744148137
GMP-Field-51,2020,6189,37.91649741,-98.10844532,KS20-0089,0 - 15,0.87,1.6289111600129356
GMP-Field-51,2020,6189,37.91649741,-98.10844532,KS20-0090,15 - 30,1.4099999999999999,1.5880418276266464
GMP-Field-51,2020,6189,37.91649741,-98.10844532,KS20-0091,30 - 50,1.0900000000000001,1.4653740131860737
GMP-Field-51,2020,6189,37.91649741,-98.10844532,KS20-0092,50 - 100,0.46000000000000002,1.6158083584217078
GMP-Field-51,2020,6190,37.91658487,-98.1080078,KS20-0093,0 - 15,0.95999999999999996,1.5512051132075868
GMP-Field-51,2020,6190,37.91658487,-98.1080078,KS20-0094,15 - 30,1.1100000000000001,1.4933458856535065
GMP-Field-51,2020,6190,37.91658487,-98.1080078,KS20-0095,30 - 50,0.82999999999999996,1.4710024678626812
GMP-Field-51,2020,6190,37.91658487,-98.1080078,KS20-0096,50 - 100,0.39000000000000001,1.5844534127898824
GMP-Field-51,2020,6191,37.91551202,-98.10735556,KS20-0097,0 - 15,1.23,1.3947961199755727
GMP-Field-51,2020,6191,37.91551202,-98.10735556,KS20-0098,15 - 30,0.87,1.6459888726036647
GMP-Field-51,2020,6191,37.91551202,-98.10735556,KS20-0099,30 - 50,0.94999999999999996,1.547806332032432
GMP-Field-51,2020,6191,37.91551202,-98.10735556,KS20-0100,50 - 100,0.35999999999999999,1.6480815367237849
GMP-Field-51,2020,6192,37.91542886,-98.10914259,KS20-0101,0 - 15,1.05,1.3675487294222923
GMP-Field-51,2020,6192,37.91542886,-98.10914259,KS20-0102,15 - 30,0.93000000000000005,1.448809941999142
GMP-Field-51,2020,6192,37.91542886,-98.10914259,KS20-0103,30 - 50,0.87,1.4985356272467856
GMP-Field-51,2020,6192,37.91542886,-98.10914259,KS20-0104,50 - 100,0.42999999999999999,1.5705353814220746
GMP-Field-51,2020,6193,37.91542409,-98.10926479,KS20-0105,0 - 15,1.04,1.6589220884536062
GMP-Field-51,2020,6193,37.91542409,-98.10926479,KS20-0106,15 - 30,0.95999999999999996,1.5305070874333668
GMP-Field-51,2020,6193,37.91542409,-98.10926479,KS20-0107,30 - 50,0.85999999999999999,1.5563045522074743
GMP-Field-51,2020,6193,37.91542409,-98.10926479,KS20-0108,50 - 100,0.34999999999999998,1.6168877996890569
GMP-Field-51,2020,6194,37.91507054,-98.1106398,KS20-0109,0 - 15,0.79000000000000004,1.7011952216481583
GMP-Field-51,2020,6194,37.91507054,-98.1106398,KS20-0110,15 - 30,0.53000000000000003,1.6636219454521888
GMP-Field-51,2020,6194,37.91507054,-98.1106398,KS20-0111,30 - 50,0.63,1.5834284448268121
GMP-Field-51,2020,6194,37.91507054,-98.1106398,KS20-0112,50 - 100,0.31,1.6465619682847668
GMP-Field-51,2020,6195,37.9148061,-98.11061932,KS20-0113,0 - 15,0.67000000000000004,1.5576178804931959
GMP-Field-51,2020,6195,37.9148061,-98.11061932,KS20-0114,15 - 30,0.48999999999999999,1.7541897090896705
GMP-Field-51,2020,6195,37.9148061,-98.11061932,KS20-0115,30 - 50,0.70999999999999996,1.6303052163512868
GMP-Field-51,2020,6195,37.9148061,-98.11061932,KS20-0116,50 - 100,0.41999999999999998,1.6762493441269395
GMP-Field-51,2020,6196,37.91463296,-98.11155427,KS20-0117,0 - 15,0.51000000000000001,1.6501564058962908
GMP-Field-51,2020,6196,37.91463296,-98.11155427,KS20-0118,15 - 30,0.56999999999999995,1.6761635061014351
GMP-Field-51,2020,6196,37.91463296,-98.11155427,KS20-0119,30 - 50,0.62,1.6397551702240887
GMP-Field-51,2020,6196,37.91463296,-98.11155427,KS20-0120,50 - 100,0.28999999999999998,1.5996962975323827
GMP-Field-51,2020,6197,37.91571518,-98.11220977,KS20-0121,0 - 15,0.81999999999999995,1.5416373052741046
GMP-Field-51,2020,6197,37.91571518,-98.11220977,KS20-0122,15 - 30,0.80000000000000004,1.5811457524378365
GMP-Field-51,2020,6197,37.91571518,-98.11220977,KS20-0123,30 - 50,0.65000000000000002,1.5535523257823129
GMP-Field-51,2020,6197,37.91571518,-98.11220977,KS20-0124,50 - 100,0.27000000000000002,1.6731132890502809
GMP-Field-51,2020,6198,37.91528821,-98.11405026,KS20-0125,0-25,0.81999999999999995,1.5251829005322759
GMP-Field-51,2020,6198,37.91528821,-98.11405026,KS20-0126,25-50,0.22,1.6188711115457655
GMP-Field-51,2020,6198,37.91528821,-98.11405026,KS20-0127,50-98,0.60999999999999999,1.6985385796018049
GMP-Field-51,2020,6199,37.91474499,-98.11360122,KS20-0128,0 - 15,1.0600000000000001,1.5518305669687611
GMP-Field-51,2020,6199,37.91474499,-98.11360122,KS20-0129,15 - 30,0.91000000000000003,1.5366389020031537
GMP-Field-51,2020,6199,37.91474499,-98.11360122,KS20-0130,30 - 50,0.57999999999999996,1.6288375832266051
GMP-Field-51,2020,6199,37.91474499,-98.11360122,KS20-0131,50 - 100,0.23000000000000001,1.6859663781053356
GMP-Field-51,2020,6200,37.91447372,-98.11374045,KS20-0132,0 - 15,1.1100000000000001,1.4005928423497103
GMP-Field-51,2020,6200,37.91447372,-98.11374045,KS20-0133,15 - 30,0.69999999999999996,1.619270290419967
GMP-Field-51,2020,6200,37.91447372,-98.11374045,KS20-0134,30 - 50,0.45000000000000001,1.6084919876114134
GMP-Field-51,2020,6200,37.91447372,-98.11374045,KS20-0135,50 - 100,0.25,1.6826806687815365
GMP-Field-51,2020,6201,37.91433356,-98.10792509,KS20-0136,0 - 15,1.4299999999999999,1.2892917063889788
GMP-Field-51,2020,6201,37.91433356,-98.10792509,KS20-0137,15 - 30,1.23,1.4521420465135553
GMP-Field-51,2020,6201,37.91433356,-98.10792509,KS20-0138,30 - 50,0.5,1.3721067098263158
GMP-Field-51,2020,6201,37.91433356,-98.10792509,KS20-0139,50 - 98,0.40999999999999998,1.4413156461222958
GMP-Field-51,2020,6202,37.91450479,-98.10778583,KS20-0140,0 - 15,1.22,1.3213405388109665
GMP-Field-51,2020,6202,37.91450479,-98.10778583,KS20-0141,15 - 30,0.81000000000000005,1.5465426467258476
GMP-Field-51,2020,6202,37.91450479,-98.10778583,KS20-0142,30 - 50,0.33000000000000002,1.6340622306955346
GMP-Field-51,2020,6202,37.91450479,-98.10778583,KS20-0143,50 - 96,0.28000000000000003,1.6509099835720482
GMP-Field-51,2020,6203,37.91487487,-98.10767472,KS20-0144,0 - 15,1.2,1.5028379069355478
GMP-Field-51,2020,6203,37.91487487,-98.10767472,KS20-0145,15 - 30,0.69999999999999996,1.5682407265745297
GMP-Field-51,2020,6203,37.91487487,-98.10767472,KS20-0146,30 - 50,0.40999999999999998,1.631405025399566
GMP-Field-51,2020,6203,37.91487487,-98.10767472,KS20-0147,50 - 98,0.31,1.6032679480020515
GMP-Field-51,2020,6204,37.91486554,-98.10630314,KS20-0148,0 - 15,1.1100000000000001,1.6125898503143643
GMP-Field-51,2020,6204,37.91486554,-98.10630314,KS20-0149,15 - 30,1.4399999999999999,1.4269001504150347
GMP-Field-51,2020,6204,37.91486554,-98.10630314,KS20-0150,30 - 50,0.71999999999999997,1.50842896771784
GMP-Field-51,2020,6204,37.91486554,-98.10630314,KS20-0151,50-100,0.25,1.5152006885238629
GMP-Field-51,2020,6205,37.91443903,-98.10633896,KS20-0152,0 - 15,1.3899999999999999,1.4305402572248032
GMP-Field-51,2020,6205,37.91443903,-98.10633896,KS20-0153,15 - 30,1.0600000000000001,1.3745786827946269
GMP-Field-51,2020,6205,37.91443903,-98.10633896,KS20-0154,30 - 50,0.81000000000000005,1.3677389354841734
GMP-Field-51,2020,6205,37.91443903,-98.10633896,KS20-0155,50 - 100,0.22,1.6294978491618297
GMP-Field-51,2020,6206,37.91362192,-98.10813376,KS20-0156,0 - 15,1.1899999999999999,1.6445390080438922
GMP-Field-51,2020,6206,37.91362192,-98.10813376,KS20-0157,15 - 30,0.93000000000000005,1.573197589171708
GMP-Field-51,2020,6206,37.91362192,-98.10813376,KS20-0158,30 - 50,0.58999999999999997,1.5750973382616509
GMP-Field-51,2020,6206,37.91362192,-98.10813376,KS20-0159,50 - 100,0.26000000000000001,1.5157024240199686
GMP-Field-51,2020,6207,37.91344788,-98.11008068,KS20-0160,0 - 15,0.91000000000000003,1.6470207251377182
GMP-Field-51,2020,6207,37.91344788,-98.11008068,KS20-0161,15 - 30,0.56000000000000005,1.5395784763383316
GMP-Field-51,2020,6207,37.91344788,-98.11008068,KS20-0162,30 - 50,0.5,1.6072646856358617
GMP-Field-51,2020,6207,37.91344788,-98.11008068,KS20-0163,50 - 100,0.28999999999999998,1.6322690733247713
GMP-Field-51,2020,6208,37.91362918,-98.1104331,KS20-0164,0 - 15,0.83999999999999997,1.3319905810509718
GMP-Field-51,2020,6208,37.91362918,-98.1104331,KS20-0165,15 - 30,0.69999999999999996,1.6311498638790498
GMP-Field-51,2020,6208,37.91362918,-98.1104331,KS20-0166,30 - 50,0.5,1.5436079254078623
GMP-Field-51,2020,6208,37.91362918,-98.1104331,KS20-0167,50 - 100,0.23000000000000001,1.6834011840691947
GMP-Field-51,2020,6209,37.91412546,-98.11347803,KS20-0168,0 - 15,0.60999999999999999,1.582699032407574
GMP-Field-51,2020,6209,37.91412546,-98.11347803,KS20-0169,15 - 30,0.57999999999999996,1.6943037699706445
GMP-Field-51,2020,6209,37.91412546,-98.11347803,KS20-0170,30 - 50,0.58999999999999997,1.7990724096343789
GMP-Field-51,2020,6209,37.91412546,-98.11347803,KS20-0171,50 - 100,0.31,1.6722891465899545
GMP-Field-51,2020,6210,37.91357105,-98.11360155,KS20-0172,0 - 15,0.66000000000000003,1.5679260075850776
GMP-Field-51,2020,6210,37.91357105,-98.11360155,KS20-0173,15 - 30,0.67000000000000004,1.6851818353183221
GMP-Field-51,2020,6210,37.91357105,-98.11360155,KS20-0174,30 - 50,0.72999999999999998,1.5567746951125887
GMP-Field-51,2020,6210,37.91357105,-98.11360155,KS20-0175,50 - 98,0.37,1.6606535425271027
GMP-Field-51,2020,6211,37.91346709,-98.1139915,KS20-0176,0 - 15,0.95999999999999996,1.5232412532988808
GMP-Field-51,2020,6211,37.91346709,-98.1139915,KS20-0177,15 - 30,0.85999999999999999,1.5660562781574678
GMP-Field-51,2020,6211,37.91346709,-98.1139915,KS20-0178,30 - 50,0.69999999999999996,1.5343281651344416
GMP-Field-51,2020,6211,37.91346709,-98.1139915,KS20-0179,50 - 100,0.39000000000000001,1.9051228521168655
GMP-Field-51,2020,6212,37.91328632,-98.11314235,KS20-0180,0 - 15,0.95999999999999996,1.5885214500593536
GMP-Field-51,2020,6212,37.91328632,-98.11314235,KS20-0181,15 - 30,0.68000000000000005,1.5696600781474181
GMP-Field-51,2020,6212,37.91328632,-98.11314235,KS20-0182,30 - 50,0.48999999999999999,1.5927554165030589
GMP-Field-51,2020,6212,37.91328632,-98.11314235,KS20-0183,50 - 100,0.28999999999999998,1.7135051211936823
GMP-Field-51,2020,6213,37.91284667,-98.11350363,KS20-0184,0 - 15,0.93999999999999995,1.5750000660036185
GMP-Field-51,2020,6213,37.91284667,-98.11350363,KS20-0185,15 - 30,0.60999999999999999,1.6418582438133142
GMP-Field-51,2020,6213,37.91284667,-98.11350363,KS20-0186,30 - 50,0.56000000000000005,1.6150818391995563
GMP-Field-51,2020,6213,37.91284667,-98.11350363,KS20-0187,50 - 100,0.28999999999999998,1.7126306650425511
GMP-Field-51,2020,6214,37.91265808,-98.11373912,KS20-0188,0 - 15,1.05,1.4391065550940578
GMP-Field-51,2020,6214,37.91265808,-98.11373912,KS20-0189,15 - 30,0.70999999999999996,1.6786084885306694
GMP-Field-51,2020,6214,37.91265808,-98.11373912,KS20-0190,30 - 50,0.58999999999999997,1.4874701227650489
GMP-Field-51,2020,6214,37.91265808,-98.11373912,KS20-0191,50 - 100,0.22,1.6283895772642003
GMP-Field-51,2020,6215,37.91263426,-98.11077249,KS20-0192,0 - 15,0.39000000000000001,1.644934590617382
GMP-Field-51,2020,6215,37.91263426,-98.11077249,KS20-0193,15 - 30,0.34000000000000002,1.6122726540700218
GMP-Field-51,2020,6215,37.91263426,-98.11077249,KS20-0194,30 - 50,0.46999999999999997,1.6832103326924504
GMP-Field-51,2020,6215,37.91263426,-98.11077249,KS20-0195,50 - 99,0.28000000000000003,1.6962738337377343
GMP-Field-51,2020,6216,37.91255055,-98.11056076,KS20-0196,0 - 15,0.85999999999999999,1.6540634902744327
GMP-Field-51,2020,6216,37.91255055,-98.11056076,KS20-0197,15 - 30,0.96999999999999997,1.4786149114529763
GMP-Field-51,2020,6216,37.91255055,-98.11056076,KS20-0198,30 - 50,0.68000000000000005,1.5828041801333324
GMP-Field-51,2020,6216,37.91255055,-98.11056076,KS20-0199,50 - 100,0.26000000000000001,1.5336525229230054
GMP-Field-51,2020,6217,37.91253625,-98.10916988,KS20-0200,0 - 15,0.40000000000000002,1.6333858340971323
GMP-Field-51,2020,6217,37.91253625,-98.10916988,KS20-0201,15 - 30,0.27000000000000002,1.7728133902646614
GMP-Field-51,2020,6217,37.91253625,-98.10916988,KS20-0202,30 - 50,0.20000000000000001,1.7745671832187437
GMP-Field-51,2020,6217,37.91253625,-98.10916988,KS20-0203,50 - 96,0.14999999999999999,1.7664566787414056
GMP-Field-51,2020,6218,37.91284545,-98.10893183,KS20-0204,0 - 15,0.42999999999999999,1.5860988641691136
GMP-Field-51,2020,6218,37.91284545,-98.10893183,KS20-0205,15 - 30,0.56000000000000005,1.6263591270363045
GMP-Field-51,2020,6218,37.91284545,-98.10893183,KS20-0206,30 - 50,0.56000000000000005,1.6097249689512367
GMP-Field-51,2020,6218,37.91284545,-98.10893183,KS20-0207,50 - 100,0.40000000000000002,1.6805044469443862
GMP-Field-51,2020,6219,37.91279485,-98.1065612,KS20-0208,0 - 15,1.45,1.0693449182801487
GMP-Field-51,2020,6219,37.91279485,-98.1065612,KS20-0209,15 - 30,0.88,1.3926795132127427
GMP-Field-51,2020,6219,37.91279485,-98.1065612,KS20-0210,30 - 50,0.80000000000000004,1.4277105808966273
GMP-Field-51,2020,6219,37.91279485,-98.1065612,KS20-0211,50 - 100,0.28000000000000003,1.4462609235269888
GMP-Field-51,2020,6220,37.91326887,-98.10599019,KS20-0212,0 - 15,0.97999999999999998,1.4973630014982322
GMP-Field-51,2020,6220,37.91326887,-98.10599019,KS20-0213,15 - 30,0.56000000000000005,1.5454738642830861
GMP-Field-51,2020,6220,37.91326887,-98.10599019,KS20-0214,30 - 50,0.40000000000000002,1.6133691996820199
GMP-Field-51,2020,6220,37.91326887,-98.10599019,KS20-0215,50 - 100,0.16,1.6059050743067709
,2020,6221,37.79282046,-98.03712846,KS20-0216,0 - 15,1.1200000000000001,1.3087639589559663
,2020,6221,37.79282046,-98.03712846,KS20-0217,15 - 30,0.92000000000000004,1.6603418714352998
,2020,6221,37.79282046,-98.03712846,KS20-0218,30 - 50,0.82999999999999996,1.6475354834955136
,2020,6221,37.79282046,-98.03712846,KS20-0219,50 - 100,0.35999999999999999,1.5633346255201743
,2020,6222,37.7932813,-98.03713496,KS20-0220,0 - 15,0.91000000000000003,1.52852202855536
,2020,6222,37.7932813,-98.03713496,KS20-0221,15 - 30,0.81999999999999995,1.6720544214090578
,2020,6222,37.7932813,-98.03713496,KS20-0222,30 - 50,0.75,1.5920516256728146
,2020,6222,37.7932813,-98.03713496,KS20-0223,50 - 100,0.37,1.5444381951884318
,2020,6223,37.79372332,-98.0371214,KS20-0224,0 - 15,0.57999999999999996,1.6074686376340381
,2020,6223,37.79372332,-98.0371214,KS20-0225,15 - 30,0.55000000000000004,1.7003570332528284
,2020,6223,37.79372332,-98.0371214,KS20-0226,30 - 50,0.37,1.6867562393532778
,2020,6223,37.79372332,-98.0371214,KS20-0227,50 - 100,0.17999999999999999,1.6332023522402905
,2020,6224,37.7945315,-98.03712988,KS20-0228,0 - 15,0.54000000000000004,1.6066331324313445
,2020,6224,37.7945315,-98.03712988,KS20-0229,15 - 30,0.47999999999999998,1.6969707145935451
,2020,6224,37.7945315,-98.03712988,KS20-0230,30 - 50,0.5,1.6727066935043522
,2020,6224,37.7945315,-98.03712988,KS20-0231,50 - 100,0.29999999999999999,1.7248989221450193
,2020,6225,37.79518296,-98.03792201,KS20-0232,0 - 15,0.83999999999999997,1.5332006489786296
,2020,6225,37.79518296,-98.03792201,KS20-0233,15 - 30,0.79000000000000004,1.6733971775681877
,2020,6225,37.79518296,-98.03792201,KS20-0234,30 - 50,0.56999999999999995,1.692929832408631
,2020,6225,37.79518296,-98.03792201,KS20-0235,50 - 100,0.19,1.7303107288838286
,2020,6226,37.79469862,-98.03848948,KS20-0236,0 - 15,1.76,1.014524084627386
,2020,6226,37.79469862,-98.03848948,KS20-0237,15 - 30,0.64000000000000001,1.6363529134229771
,2020,6226,37.79469862,-98.03848948,KS20-0238,30 - 50,0.48999999999999999,1.6844975513385232
,2020,6226,37.79469862,-98.03848948,KS20-0239,50 - 100,0.14000000000000001,1.7188774770070163
,2020,6227,37.79444895,-98.03837332,KS20-0240,0 - 15,0.55000000000000004,1.5817148927574971
,2020,6227,37.79444895,-98.03837332,KS20-0241,15 - 30,0.46999999999999997,1.6023119477815142
,2020,6227,37.79444895,-98.03837332,KS20-0242,30 - 50,0.29999999999999999,1.6862167394673564
,2020,6227,37.79444895,-98.03837332,KS20-0243,50 - 98,0.14000000000000001,1.7367321510100719
,2020,6228,37.79409439,-98.03839707,KS20-0244,0 - 15,0.72999999999999998,1.7296076766221846
,2020,6228,37.79409439,-98.03839707,KS20-0245,15 - 30,0.59999999999999998,1.6431410061983305
,2020,6228,37.79409439,-98.03839707,KS20-0246,30 - 50,0.56000000000000005,1.5833277788054452
,2020,6228,37.79409439,-98.03839707,KS20-0247,50 - 96,0.28999999999999998,1.6293184096227478
,2020,6229,37.79364015,-98.03828845,KS20-0248,0 - 15,0.68999999999999995,1.6327188847590839
,2020,6229,37.79364015,-98.03828845,KS20-0249,15 - 30,0.60999999999999999,1.7799286750693151
,2020,6229,37.79364015,-98.03828845,KS20-0250,30 - 50,0.56000000000000005,1.7104464254524216
,2020,6229,37.79364015,-98.03828845,KS20-0251,50 - 96,0.22,1.6978852580371699
,2020,6230,37.79337307,-98.03781027,KS20-0252,0 - 15,0.91000000000000003,1.6111400241044109
,2020,6230,37.79337307,-98.03781027,KS20-0253,15 - 30,0.73999999999999999,1.6756366196048205
,2020,6230,37.79337307,-98.03781027,KS20-0254,30 - 50,0.63,1.5878824841830284
,2020,6230,37.79337307,-98.03781027,KS20-0255,50 - 100,0.28000000000000003,1.5801630542933498
,2020,6231,37.79282701,-98.03807129,KS20-0256,0 - 15,1.1399999999999999,1.5419906672998467
,2020,6231,37.79282701,-98.03807129,KS20-0257,15 - 30,0.68000000000000005,1.709604298747345
,2020,6231,37.79282701,-98.03807129,KS20-0258,30 - 50,0.47999999999999998,1.7348879294019981
,2020,6231,37.79282701,-98.03807129,KS20-0259,50 - 100,0.20999999999999999,1.7782884007526498
,2020,6232,37.79244366,-98.0383842,KS20-0260,0 - 15,0.78000000000000003,1.678770314809618
,2020,6232,37.79244366,-98.0383842,KS20-0261,15 - 30,0.66000000000000003,1.6098915789635113
,2020,6232,37.79244366,-98.0383842,KS20-0262,30 - 50,0.66000000000000003,1.6734924989561264
,2020,6232,37.79244366,-98.0383842,KS20-0263,50 - 100,0.23999999999999999,1.756096277887329
,2020,6233,37.79220482,-98.03953404,KS20-0264,0 - 15,0.78000000000000003,1.6611387403578801
,2020,6233,37.79220482,-98.03953404,KS20-0265,15 - 30,0.78000000000000003,1.703745451065561
,2020,6233,37.79220482,-98.03953404,KS20-0266,30 - 50,0.40999999999999998,1.4401260344546112
,2020,6233,37.79220482,-98.03953404,KS20-0267,50 - 100,0.23000000000000001,1.7270348995378719
,2020,6234,37.7926713,-98.0396541,KS20-0268,0 - 15,0.78000000000000003,1.6294426452634807
,2020,6234,37.7926713,-98.0396541,KS20-0269,15 - 30,0.73999999999999999,1.7154279757642725
,2020,6234,37.7926713,-98.0396541,KS20-0270,30 - 50,0.64000000000000001,1.5236130884972479
,2020,6234,37.7926713,-98.0396541,KS20-0271,50 - 100,0.27000000000000002,1.6754602558970719
,2020,6235,37.79284452,-98.03918704,KS20-0272,0 - 15,0.85999999999999999,1.4753001830473069
,2020,6235,37.79284452,-98.03918704,KS20-0273,15 - 30,0.63,1.5169424902141833
,2020,6235,37.79284452,-98.03918704,KS20-0274,30 - 50,0.37,1.6789382366663472
,2020,6235,37.79284452,-98.03918704,KS20-0275,50 - 100,0.20999999999999999,1.7548261296973375
,2020,6236,37.79321669,-98.03884532,KS20-0276,0 - 15,0.77000000000000002,1.7126012914112247
,2020,6236,37.79321669,-98.03884532,KS20-0277,15 - 30,0.60999999999999999,1.6802235385623812
,2020,6236,37.79321669,-98.03884532,KS20-0278,30 - 50,0.55000000000000004,1.6365645392377777
,2020,6236,37.79321669,-98.03884532,KS20-0279,50 - 98,0.20000000000000001,1.6705112747415984
,2020,6237,37.79366193,-98.03894749,KS20-0280,0 - 15,0.85999999999999999,1.6458066916754057
,2020,6237,37.79366193,-98.03894749,KS20-0281,15 - 30,0.77000000000000002,1.5889734613087121
,2020,6237,37.79366193,-98.03894749,KS20-0282,30 - 50,0.45000000000000001,1.6694726547649552
,2020,6237,37.79366193,-98.03894749,KS20-0283,50 - 100,0.17999999999999999,1.7184401303192254
,2020,6238,37.79373607,-98.03884266,KS20-0284,0 - 15,1.0700000000000001,1.6280259994996229
,2020,6238,37.79373607,-98.03884266,KS20-0285,15 - 30,0.63,1.7309768145157547
,2020,6238,37.79373607,-98.03884266,KS20-0286,30 - 50,0.39000000000000001,1.7294712427640675
,2020,6238,37.79373607,-98.03884266,KS20-0287,50 - 100,0.22,1.7996872994143236
,2020,6239,37.79401087,-98.03962824,KS20-0288,0 - 15,0.79000000000000004,1.6579815180309905
,2020,6239,37.79401087,-98.03962824,KS20-0289,15 - 30,0.68999999999999995,1.6038232887542518
,2020,6239,37.79401087,-98.03962824,KS20-0290,30 - 50,0.56000000000000005,1.4455386707031852
,2020,6239,37.79401087,-98.03962824,KS20-0291,50 - 99,0.17999999999999999,1.7529650124070952
,2020,6240,37.79420267,-98.03940759,KS20-0292,0 - 15,0.60999999999999999,1.5355386971025347
,2020,6240,37.79420267,-98.03940759,KS20-0293,15 - 30,0.56999999999999995,1.6074483961777633
,2020,6240,37.79420267,-98.03940759,KS20-0294,30 - 50,0.56999999999999995,1.6315912115812843
,2020,6240,37.79420267,-98.03940759,KS20-0295,50 - 99,0.32000000000000001,1.6378649403775205
,2020,6241,37.79419051,-98.03951904,KS20-0296,0 - 15,0.81999999999999995,1.6676860759998553
,2020,6241,37.79419051,-98.03951904,KS20-0297,15 - 30,0.64000000000000001,1.6678655455721261
,2020,6241,37.79419051,-98.03951904,KS20-0298,30 - 50,0.53000000000000003,1.6381790952878774
,2020,6241,37.79419051,-98.03951904,KS20-0299,50 - 97,0.28999999999999998,1.6751396294797734
,2020,6242,37.79519775,-98.0404084,KS20-0300,0 - 15,0.82999999999999996,1.6793821739175911
,2020,6242,37.79519775,-98.0404084,KS20-0301,15 - 30,0.76000000000000001,1.6649956779920554
,2020,6242,37.79519775,-98.0404084,KS20-0302,30 - 50,0.56999999999999995,1.654388419318747
,2020,6242,37.79519775,-98.0404084,KS20-0303,50 - 97,0.26000000000000001,1.6999990365736735
,2020,6243,37.79457572,-98.04144439,KS20-0304,0 - 15,0.80000000000000004,1.6478784791007057
,2020,6243,37.79457572,-98.04144439,KS20-0305,15 - 30,0.48999999999999999,1.7175924372537046
,2020,6243,37.79457572,-98.04144439,KS20-0306,30 - 50,0.35999999999999999,1.6837998413424795
,2020,6243,37.79457572,-98.04144439,KS20-0307,50 - 99,0.19,1.6686208073158211
,2020,6244,37.79448362,-98.04167215,KS20-0308,0 - 15,0.81000000000000005,1.6098213649250828
,2020,6244,37.79448362,-98.04167215,KS20-0309,15 - 30,0.42999999999999999,1.7466917649280926
,2020,6244,37.79448362,-98.04167215,KS20-0310,30 - 50,0.25,1.7119942439772704
,2020,6244,37.79448362,-98.04167215,KS20-0311,50 - 100,0.089999999999999997,1.6396481702957746
,2020,6245,37.79493152,-98.04199942,KS20-0312,0 - 15,0.79000000000000004,1.6779292610484828
,2020,6245,37.79493152,-98.04199942,KS20-0313,15 - 30,0.52000000000000002,1.72001016750462
,2020,6245,37.79493152,-98.04199942,KS20-0314,30 - 50,0.40000000000000002,1.7289877765067978
,2020,6245,37.79493152,-98.04199942,KS20-0315,50 - 99,0.12,1.7367826469207499
,2020,6246,37.79512718,-98.04198383,KS20-0316,0 - 15,0.81999999999999995,1.6008567053151139
,2020,6246,37.79512718,-98.04198383,KS20-0317,15 - 30,0.62,1.7186187039462757
,2020,6246,37.79512718,-98.04198383,KS20-0318,30 - 50,0.48999999999999999,1.6930022053906539
,2020,6246,37.79512718,-98.04198383,KS20-0319,50 - 97,0.17000000000000001,1.7180939227780607
,2020,6247,37.7950341,-98.04232205,KS20-0320,0 - 15,0.60999999999999999,1.6106120155344421
,2020,6247,37.7950341,-98.04232205,KS20-0321,15 - 30,0.48999999999999999,1.7452420988541397
,2020,6247,37.7950341,-98.04232205,KS20-0322,30 - 50,0.28999999999999998,1.6637967538096803
,2020,6247,37.7950341,-98.04232205,KS20-0323,50 - 98,0.059999999999999998,1.7195678626174322
,2020,6248,37.79475625,-98.04268661,KS20-0324,0 - 15,0.60999999999999999,1.575578231039571
,2020,6248,37.79475625,-98.04268661,KS20-0325,15 - 30,0.54000000000000004,1.7539403834093601
,2020,6248,37.79475625,-98.04268661,KS20-0326,30 - 50,0.56999999999999995,1.6082051358222691
,2020,6248,37.79475625,-98.04268661,KS20-0327,50 - 99,0.17999999999999999,1.7518172440694308
,2020,6249,37.79430063,-98.04247054,KS20-0328,0 - 15,0.63,1.5861336540068043
,2020,6249,37.79430063,-98.04247054,KS20-0329,15 - 30,0.53000000000000003,1.7004721087359407
,2020,6249,37.79430063,-98.04247054,KS20-0330,30 - 50,0.39000000000000001,1.6815095592913762
,2020,6249,37.79430063,-98.04247054,KS20-0331,50 - 96,0.11,1.7274496986092509
,2020,6250,37.79413381,-98.04291837,KS20-0332,0 - 15,0.75,1.582632071824853
,2020,6250,37.79413381,-98.04291837,KS20-0333,15 - 30,0.65000000000000002,1.7069564196555225
,2020,6250,37.79413381,-98.04291837,KS20-0334,30 - 50,0.45000000000000001,1.7290184696431459
,2020,6250,37.79413381,-98.04291837,KS20-0335,50 - 99,0.17999999999999999,1.7536189667900037
,2020,6251,37.79486498,-98.04300536,KS20-0336,0 - 15,0.64000000000000001,1.6081388200383215
,2020,6251,37.79486498,-98.04300536,KS20-0337,15 - 30,0.53000000000000003,1.6859867797083461
,2020,6251,37.79486498,-98.04300536,KS20-0338,30 - 50,0.41999999999999998,1.7202665596574298
,2020,6251,37.79486498,-98.04300536,KS20-0339,50 - 98,0.14000000000000001,1.7172881290147273
,2020,6252,37.79469299,-98.0443983,KS20-0340,0 - 15,0.60999999999999999,1.6724817517746171
,2020,6252,37.79469299,-98.0443983,KS20-0341,15 - 30,0.56000000000000005,1.7437413849708054
,2020,6252,37.79469299,-98.0443983,KS20-0342,30 - 50,0.38,1.6657520114303694
,2020,6252,37.79469299,-98.0443983,KS20-0343,50 - 98,0.14999999999999999,1.7330386002286633
,2020,6253,37.79441378,-98.04428207,KS20-0344,0 - 15,0.77000000000000002,1.6699980628470714
,2020,6253,37.79441378,-98.04428207,KS20-0345,15 - 30,0.62,1.7012921232098357
,2020,6253,37.79441378,-98.04428207,KS20-0346,30 - 50,0.35999999999999999,1.7098048237869472
,2020,6253,37.79441378,-98.04428207,KS20-0347,50 - 97,0.11,1.6558043849674251
,2020,6254,37.79442343,-98.04496596,KS20-0348,0 - 15,1.1100000000000001,1.3767009930004288
,2020,6254,37.79442343,-98.04496596,KS20-0349,15 - 30,0.72999999999999998,1.7408273787365103
,2020,6254,37.79442343,-98.04496596,KS20-0350,30 - 50,0.58999999999999997,1.6856815975465085
,2020,6254,37.79442343,-98.04496596,KS20-0351,50 - 100,0.27000000000000002,1.7597302955445731
,2020,6255,37.79433431,-98.04529423,KS20-0352,0 - 15,0.81000000000000005,1.5126881880394092
,2020,6255,37.79433431,-98.04529423,KS20-0353,15 - 30,0.73999999999999999,1.6986324089809197
,2020,6255,37.79433431,-98.04529423,KS20-0354,30 - 50,0.45000000000000001,1.6749863098023154
,2020,6255,37.79433431,-98.04529423,KS20-0355,50 - 97,0.16,1.8041784235206004
,2020,6256,37.79414609,-98.04532575,KS20-0356,0 - 15,0.91000000000000003,1.4241097820157371
,2020,6256,37.79414609,-98.04532575,KS20-0357,15 - 30,0.56999999999999995,1.7674933072229975
,2020,6256,37.79414609,-98.04532575,KS20-0358,30 - 50,0.34000000000000002,1.7319635207820299
,2020,6256,37.79414609,-98.04532575,KS20-0359,50 - 98,0.19,1.8350214071161666
,2020,6257,37.79386476,-98.04449892,KS20-0360,0 - 15,0.93000000000000005,1.4269115402166308
,2020,6257,37.79386476,-98.04449892,KS20-0361,15 - 30,0.57999999999999996,1.738263106136607
,2020,6257,37.79386476,-98.04449892,KS20-0362,30 - 50,0.26000000000000001,1.8261651405541239
,2020,6257,37.79386476,-98.04449892,KS20-0363,50 - 100,0.14000000000000001,1.8590816720624115
,2020,6258,37.79342488,-98.04395007,KS20-0364,0 - 15,0.63,1.6386479714180211
,2020,6258,37.79342488,-98.04395007,KS20-0365,15 - 30,0.38,1.8307830084608183
,2020,6258,37.79342488,-98.04395007,KS20-0366,30 - 50,0.23000000000000001,1.7964186037584071
,2020,6258,37.79342488,-98.04395007,KS20-0367,50 - 97,0.050000000000000003,1.7495315997675434
,2020,6259,37.7934114,-98.04325617,KS20-0368,0 - 15,0.92000000000000004,1.3724129458371546
,2020,6259,37.7934114,-98.04325617,KS20-0369,15 - 30,0.68000000000000005,1.6631147703282252
,2020,6259,37.7934114,-98.04325617,KS20-0370,30 - 50,0.5,1.6451089369971306
,2020,6259,37.7934114,-98.04325617,KS20-0371,50 - 97,0.20999999999999999,1.7932016831898321
,2020,6260,37.7931444,-98.04288859,KS20-0372,0 - 15,0.64000000000000001,1.6357820509332448
,2020,6260,37.7931444,-98.04288859,KS20-0373,15 - 30,0.46000000000000002,1.644293812498673
,2020,6260,37.7931444,-98.04288859,KS20-0374,30 - 50,0.39000000000000001,1.7392092211700951
,2020,6260,37.7931444,-98.04288859,KS20-0375,50 - 98,0.17000000000000001,1.7280485116625512
,2020,6261,37.79277528,-98.04316874,KS20-0376,0 - 15,0.90000000000000002,1.5479863076432727
,2020,6261,37.79277528,-98.04316874,KS20-0377,15 - 30,0.75,1.7780296335471073
,2020,6261,37.79277528,-98.04316874,KS20-0378,30 - 50,0.5,1.8464138441914184
,2020,6261,37.79277528,-98.04316874,KS20-0379,50 - 98,0.16,1.7623260651753683
,2020,6262,37.79268956,-98.04364086,KS20-0380,0 - 15,0.76000000000000001,1.6014965304672095
,2020,6262,37.79268956,-98.04364086,KS20-0381,15 - 30,0.67000000000000004,1.6490861432035682
,2020,6262,37.79268956,-98.04364086,KS20-0382,30 - 50,0.35999999999999999,1.7481041841687748
,2020,6262,37.79268956,-98.04364086,KS20-0383,50 - 100,0.17000000000000001,1.8270666838173342
,2020,6263,37.7926993,-98.04418111,KS20-0384,0 - 15,0.76000000000000001,1.4219093697746537
,2020,6263,37.7926993,-98.04418111,KS20-0385,15 - 30,0.63,1.718750988981802
,2020,6263,37.7926993,-98.04418111,KS20-0386,30 - 50,0.38,1.7097349409051266
,2020,6263,37.7926993,-98.04418111,KS20-0387,50 - 100,0.070000000000000007,1.8292825202054965
,2020,6264,37.79288713,-98.04429853,KS20-0388,0 - 15,0.90000000000000002,1.4506785987352739
,2020,6264,37.79288713,-98.04429853,KS20-0389,15 - 30,0.56999999999999995,1.6666100388233198
,2020,6264,37.79288713,-98.04429853,KS20-0390,30 - 50,0.33000000000000002,1.8788464871916402
,2020,6264,37.79288713,-98.04429853,KS20-0391,50 - 100,0.10000000000000001,1.7564188105051994
,2020,6265,37.79288679,-98.04498407,KS20-0392,0 - 15,1,1.4105319410141959
,2020,6265,37.79288679,-98.04498407,KS20-0393,15 - 30,0.73999999999999999,1.5452542344250926
,2020,6265,37.79288679,-98.04498407,KS20-0394,30 - 50,0.38,1.6930550308208876
,2020,6265,37.79288679,-98.04498407,KS20-0395,50 - 98,0.12,1.717665880981694
,2020,6266,37.7933412,-98.04521038,KS20-0396,0 - 15,1.01,1.2626486672155892
,2020,6266,37.7933412,-98.04521038,KS20-0397,15 - 30,0.77000000000000002,1.5252409695684543
,2020,6266,37.7933412,-98.04521038,KS20-0398,30 - 50,0.5,1.5637087589115231
,2020,6266,37.7933412,-98.04521038,KS20-0399,50 - 97,0.13,1.6324981499056681
,2020,6267,37.79261332,-98.04523245,KS20-0400,0 - 15,0.88,1.5114733794545101
,2020,6267,37.79261332,-98.04523245,KS20-0401,15 - 30,0.70999999999999996,1.5543973560434834
,2020,6267,37.79261332,-98.04523245,KS20-0402,30 - 50,0.29999999999999999,1.6575443220592307
,2020,6267,37.79261332,-98.04523245,KS20-0403,50 - 96,0.089999999999999997,1.5069018200305242
,2020,6268,37.79234091,-98.04429017,KS20-0404,0 - 15,0.96999999999999997,1.4540682680550068
,2020,6268,37.79234091,-98.04429017,KS20-0405,15 - 30,0.77000000000000002,1.6346371632492653
,2020,6268,37.79234091,-98.04429017,KS20-0406,30 - 50,0.37,1.8734786976741815
,2020,6268,37.79234091,-98.04429017,KS20-0407,50 - 100,0.14999999999999999,1.7934559826219494
,2020,6269,37.79250361,-98.04248687,KS20-0408,0 - 15,1.01,1.5393952424805217
,2020,6269,37.79250361,-98.04248687,KS20-0409,15 - 30,0.89000000000000001,1.6808134569832291
,2020,6269,37.79250361,-98.04248687,KS20-0410,30 - 50,0.51000000000000001,1.7338283052722872
,2020,6269,37.79250361,-98.04248687,KS20-0411,50 - 98,0.26000000000000001,1.7975423012892391
,2020,6270,37.79223057,-98.04123886,KS20-0412,0 - 15,0.72999999999999998,1.6757600372799148
,2020,6270,37.79223057,-98.04123886,KS20-0413,15 - 30,0.62,1.821114516040937
,2020,6270,37.79223057,-98.04123886,KS20-0414,30 - 50,0.62,1.6758522650180707
,2020,6270,37.79223057,-98.04123886,KS20-0415,50 - 98,0.28999999999999998,1.7140374277403143
,2020,6271,37.79347894,-98.04123089,KS20-0416,0 - 15,0.68999999999999995,1.6832462123782215
,2020,6271,37.79347894,-98.04123089,KS20-0417,15 - 30,0.60999999999999999,1.7584263266786102
,2020,6271,37.79347894,-98.04123089,KS20-0418,30 - 50,0.40999999999999998,1.7128217081152344
,2020,6271,37.79347894,-98.04123089,KS20-0419,50 - 96,0.080000000000000002,1.7524468387428696
,2020,6272,37.79339275,-98.0409942,KS20-0420,0 - 15,0.87,1.5639972378772544
,2020,6272,37.79339275,-98.0409942,KS20-0421,15 - 30,0.60999999999999999,1.6544683772777466
,2020,6272,37.79339275,-98.0409942,KS20-0422,30 - 50,0.60999999999999999,1.7210011597176886
,2020,6272,37.79339275,-98.0409942,KS20-0423,50 - 97,0.28000000000000003,1.7109702316347422
,2020,6273,37.7929382,-98.04030913,KS20-0424,0 - 15,0.82999999999999996,1.7779071098675834
,2020,6273,37.7929382,-98.04030913,KS20-0425,15 - 30,0.73999999999999999,1.6686831070959456
,2020,6273,37.7929382,-98.04030913,KS20-0426,30 - 50,0.62,1.5928735074960145
,2020,6273,37.7929382,-98.04030913,KS20-0427,50 - 100,0.26000000000000001,1.6438540839111475
,2020,6274,37.79312363,-98.03985731,KS20-0428,0 - 15,0.87,1.4821814593519287
,2020,6274,37.79312363,-98.03985731,KS20-0429,15 - 30,0.70999999999999996,1.8295816862013812
,2020,6274,37.79312363,-98.03985731,KS20-0430,30 - 50,0.53000000000000003,1.6506733887845488
,2020,6274,37.79312363,-98.03985731,KS20-0431,50 - 99,0.23000000000000001,1.5937550242989036
GMP-Field-64,2020,6535,37.96236827,-98.04985311,KS20-0432,0 - 15,0.66000000000000003,1.8248311355681679
GMP-Field-64,2020,6535,37.96236827,-98.04985311,KS20-0433,15 - 30,0.56999999999999995,1.5376890862381016
GMP-Field-64,2020,6535,37.96236827,-98.04985311,KS20-0434,30 - 50,0.56000000000000005,1.5648684816705023
GMP-Field-64,2020,6535,37.96236827,-98.04985311,KS20-0435,50 - 100,0.28000000000000003,1.6735212577100735
GMP-Field-64,2020,6536,37.96218678,-98.04951901,KS20-0436,0 - 15,1.0800000000000001,1.5291100765187733
GMP-Field-64,2020,6536,37.96218678,-98.04951901,KS20-0437,15 - 30,0.65000000000000002,1.6009977755950024
GMP-Field-64,2020,6536,37.96218678,-98.04951901,KS20-0438,30 - 50,0.44,1.5789884295291388
GMP-Field-64,2020,6536,37.96218678,-98.04951901,KS20-0439,50 - 100,0.20000000000000001,1.6301925862974356
GMP-Field-64,2020,6537,37.96191875,-98.04893719,KS20-0440,0 - 15,0.68999999999999995,1.695018215556366
GMP-Field-64,2020,6537,37.96191875,-98.04893719,KS20-0441,15 - 30,0.56999999999999995,1.505727998654119
GMP-Field-64,2020,6537,37.96191875,-98.04893719,KS20-0442,30 - 50,0.85999999999999999,1.4083739800944117
GMP-Field-64,2020,6537,37.96191875,-98.04893719,KS20-0443,50 - 100,0.47999999999999998,1.6084524028676672
GMP-Field-64,2020,6538,37.96137387,-98.04871546,KS20-0444,0 - 15,1.04,1.663811467827468
GMP-Field-64,2020,6538,37.96137387,-98.04871546,KS20-0445,15 - 30,0.81000000000000005,1.4343555174291349
GMP-Field-64,2020,6538,37.96137387,-98.04871546,KS20-0446,30 - 50,0.57999999999999996,1.4395470712897218
GMP-Field-64,2020,6538,37.96137387,-98.04871546,KS20-0447,50 - 98,0.22,1.7002221545788287
GMP-Field-64,2020,6539,37.96090801,-98.04771581,KS20-0448,0 - 15,0.66000000000000003,1.5922440388929804
GMP-Field-64,2020,6539,37.96090801,-98.04771581,KS20-0449,15 - 30,0.48999999999999999,1.6801237310310995
GMP-Field-64,2020,6539,37.96090801,-98.04771581,KS20-0450,30 - 50,0.53000000000000003,1.6371329037399813
GMP-Field-64,2020,6539,37.96090801,-98.04771581,KS20-0451,50 - 99,0.42999999999999999,1.6653347037753408
GMP-Field-64,2020,6540,37.96208184,-98.04724161,KS20-0452,0 - 15,0.72999999999999998,1.5959451297797169
GMP-Field-64,2020,6540,37.96208184,-98.04724161,KS20-0453,15 - 30,0.40999999999999998,1.6422682061450486
GMP-Field-64,2020,6540,37.96208184,-98.04724161,KS20-0454,30 - 50,0.53000000000000003,1.5690940713401633
GMP-Field-64,2020,6540,37.96208184,-98.04724161,KS20-0455,50 - 99,0.34000000000000002,1.6637821938105615
GMP-Field-64,2020,6541,37.96180476,-98.04655481,KS20-0456,0 - 15,0.64000000000000001,1.3495151372510708
GMP-Field-64,2020,6541,37.96180476,-98.04655481,KS20-0457,15 - 30,0.48999999999999999,1.7837495805141583
GMP-Field-64,2020,6541,37.96180476,-98.04655481,KS20-0458,30 - 50,0.46999999999999997,1.8189553508659682
GMP-Field-64,2020,6541,37.96180476,-98.04655481,KS20-0459,50 - 100,0.38,1.8802524223836494
GMP-Field-64,2020,6542,37.96170374,-98.04621798,KS20-0460,0 - 15,0.82999999999999996,1.5416388822685521
GMP-Field-64,2020,6542,37.96170374,-98.04621798,KS20-0461,15 - 30,0.78000000000000003,1.5594116932980933
GMP-Field-64,2020,6542,37.96170374,-98.04621798,KS20-0462,30 - 50,0.72999999999999998,1.5093931050796512
GMP-Field-64,2020,6542,37.96170374,-98.04621798,KS20-0463,50 - 100,0.40999999999999998,1.7306373711122558
GMP-Field-64,2020,6543,37.96243378,-98.04617934,KS20-0464,0 - 15,0.64000000000000001,1.3864555336012157
GMP-Field-64,2020,6543,37.96243378,-98.04617934,KS20-0465,15 - 30,0.54000000000000004,1.5999800258708377
GMP-Field-64,2020,6543,37.96243378,-98.04617934,KS20-0466,30 - 50,0.5,1.5281600077066313
GMP-Field-64,2020,6543,37.96243378,-98.04617934,KS20-0467,50 - 98,0.35999999999999999,1.5415039875010825
GMP-Field-64,2020,6544,37.96188785,-98.045191,KS20-0468,0 - 15,0.60999999999999999,1.5153585613856906
GMP-Field-64,2020,6544,37.96188785,-98.045191,KS20-0469,15 - 30,0.44,1.7068530951091734
GMP-Field-64,2020,6544,37.96188785,-98.045191,KS20-0470,30 - 50,0.40999999999999998,1.5754263677835907
GMP-Field-64,2020,6544,37.96188785,-98.045191,KS20-0471,50 - 99,0.44,1.4664184461427767
GMP-Field-64,2020,6545,37.96152033,-98.04506486,KS20-0472,0 - 15,0.58999999999999997,1.4106338304129495
GMP-Field-64,2020,6545,37.96152033,-98.04506486,KS20-0473,15 - 30,0.53000000000000003,1.6763754798570512
GMP-Field-64,2020,6545,37.96152033,-98.04506486,KS20-0474,30 - 50,0.55000000000000004,1.454407107293481
GMP-Field-64,2020,6545,37.96152033,-98.04506486,KS20-0475,50 - 100,0.48999999999999999,1.5358469413450155
GMP-Field-64,2020,6546,37.96132977,-98.04508126,KS20-0476,0 - 15,0.58999999999999997,1.4534618269856701
GMP-Field-64,2020,6546,37.96132977,-98.04508126,KS20-0477,15 - 30,0.33000000000000002,1.479732199688883
GMP-Field-64,2020,6546,37.96132977,-98.04508126,KS20-0478,30 - 50,0.32000000000000001,1.5433396247297919
GMP-Field-64,2020,6546,37.96132977,-98.04508126,KS20-0479,50 - 100,0.54000000000000004,1.4802917848905832
GMP-Field-64,2020,6547,37.9610545,-98.04383525,KS20-0480,0 - 15,0.64000000000000001,1.4935703179925832
GMP-Field-64,2020,6547,37.9610545,-98.04383525,KS20-0481,15 - 30,0.27000000000000002,1.6502691564166851
GMP-Field-64,2020,6547,37.9610545,-98.04383525,KS20-0482,30 - 50,0.51000000000000001,1.5386526566585936
GMP-Field-64,2020,6547,37.9610545,-98.04383525,KS20-0483,50 - 100,0.29999999999999999,1.7055129828903761
GMP-Field-64,2020,6548,37.96169774,-98.04348467,KS20-0484,0 - 15,0.84999999999999998,1.4944430300472735
GMP-Field-64,2020,6548,37.96169774,-98.04348467,KS20-0485,15 - 30,0.81999999999999995,1.6255244173576846
GMP-Field-64,2020,6548,37.96169774,-98.04348467,KS20-0486,30 - 50,0.65000000000000002,1.479241942483043
GMP-Field-64,2020,6548,37.96169774,-98.04348467,KS20-0487,50 - 100,0.34999999999999998,1.6372242845848044
GMP-Field-64,2020,6549,37.96196165,-98.04359274,KS20-0488,0 - 15,1.04,1.409752152807336
GMP-Field-64,2020,6549,37.96196165,-98.04359274,KS20-0489,15 - 30,0.70999999999999996,1.6520424279492816
GMP-Field-64,2020,6549,37.96196165,-98.04359274,KS20-0490,30 - 50,0.68000000000000005,1.4881638014489544
GMP-Field-64,2020,6549,37.96196165,-98.04359274,KS20-0491,50 - 100,0.37,1.7402459117866926
GMP-Field-64,2020,6550,37.96178206,-98.0424583,KS20-0492,0 - 15,1.1799999999999999,1.5305528485342292
GMP-Field-64,2020,6550,37.96178206,-98.0424583,KS20-0493,15 - 30,0.81999999999999995,1.6166590712115665
GMP-Field-64,2020,6550,37.96178206,-98.0424583,KS20-0494,30 - 50,0.84999999999999998,1.5488387589373074
GMP-Field-64,2020,6550,37.96178206,-98.0424583,KS20-0495,50 - 98,0.37,1.6895388148819777
GMP-Field-64,2020,6551,37.96086972,-98.04304045,KS20-0496,0 - 15,1.1899999999999999,1.5349425905785183
GMP-Field-64,2020,6551,37.96086972,-98.04304045,KS20-0497,15 - 30,0.67000000000000004,1.6390860237799496
GMP-Field-64,2020,6551,37.96086972,-98.04304045,KS20-0498,30 - 50,0.56000000000000005,1.6026605022012106
GMP-Field-64,2020,6551,37.96086972,-98.04304045,KS20-0499,50 - 100,0.20999999999999999,1.7404076458275672
GMP-Field-64,2020,6552,37.96051458,-98.04271764,KS20-0500,0 - 15,0.92000000000000004,1.5170694170742076
GMP-Field-64,2020,6552,37.96051458,-98.04271764,KS20-0501,15 - 30,0.67000000000000004,1.5670008901840973
GMP-Field-64,2020,6552,37.96051458,-98.04271764,KS20-0502,30 - 50,0.52000000000000002,1.5805617742793217
GMP-Field-64,2020,6552,37.96051458,-98.04271764,KS20-0503,50 - 99,0.28000000000000003,1.8244345024249975
GMP-Field-64,2020,6553,37.95978727,-98.0422457,KS20-0504,0 - 15,1.24,1.4102148262872241
GMP-Field-64,2020,6553,37.95978727,-98.0422457,KS20-0505,15 - 30,0.77000000000000002,1.5792080461135012
GMP-Field-64,2020,6553,37.95978727,-98.0422457,KS20-0506,30 - 50,0.68999999999999995,1.4946983614415392
GMP-Field-64,2020,6553,37.95978727,-98.0422457,KS20-0507,50 - 98,0.46999999999999997,1.5482284633145855
GMP-Field-64,2020,6554,37.95949947,-98.04213094,KS20-0508,0 - 15,1.3200000000000001,1.3301046570526018
GMP-Field-64,2020,6554,37.95949947,-98.04213094,KS20-0509,15 - 30,0.73999999999999999,1.4763691328813975
GMP-Field-64,2020,6554,37.95949947,-98.04213094,KS20-0510,30 - 50,0.59999999999999998,1.6622209706270625
GMP-Field-64,2020,6554,37.95949947,-98.04213094,KS20-0511,50 - 100,0.35999999999999999,1.6388594676684853
GMP-Field-64,2020,6555,37.95950892,-98.04227995,KS20-0512,0 - 15,1.1299999999999999,1.4115180928620343
GMP-Field-64,2020,6555,37.95950892,-98.04227995,KS20-0513,15 - 30,0.85999999999999999,1.5917945638012001
GMP-Field-64,2020,6555,37.95950892,-98.04227995,KS20-0514,30 - 50,0.81999999999999995,1.64071159611895
GMP-Field-64,2020,6555,37.95950892,-98.04227995,KS20-0515,50 - 100,0.96999999999999997,1.5202900384323106
GMP-Field-64,2020,6556,37.9597864,-98.04303853,KS20-0516,0 - 15,1.24,1.2953755239469511
GMP-Field-64,2020,6556,37.9597864,-98.04303853,KS20-0517,15 - 30,0.88,1.5304253816152156
GMP-Field-64,2020,6556,37.9597864,-98.04303853,KS20-0518,30 - 50,0.81000000000000005,1.4284006059402325
GMP-Field-64,2020,6556,37.9597864,-98.04303853,KS20-0519,50 - 99,0.39000000000000001,1.6043409385415606
GMP-Field-64,2020,6557,37.9600636,-98.04352347,KS20-0520,0 - 15,0.82999999999999996,1.4557170745668855
GMP-Field-64,2020,6557,37.9600636,-98.04352347,KS20-0521,15 - 30,0.76000000000000001,1.443153139584151
GMP-Field-64,2020,6557,37.9600636,-98.04352347,KS20-0522,30 - 50,0.80000000000000004,1.3498025541148855
GMP-Field-64,2020,6557,37.9600636,-98.04352347,KS20-0523,50 - 99,0.44,1.5756081583773924
GMP-Field-64,2020,6558,37.96061546,-98.04417256,KS20-0524,0 - 15,0.84999999999999998,1.4251267398664988
GMP-Field-64,2020,6558,37.96061546,-98.04417256,KS20-0525,15 - 30,0.67000000000000004,1.5055099387572977
GMP-Field-64,2020,6558,37.96061546,-98.04417256,KS20-0526,30 - 50,0.34000000000000002,1.6989798722861431
GMP-Field-64,2020,6558,37.96061546,-98.04417256,KS20-0527,50 - 100,0.14999999999999999,1.7465735579964994
GMP-Field-64,2020,6559,37.96060503,-98.04429163,KS20-0528,0 - 15,0.79000000000000004,1.273381202819629
GMP-Field-64,2020,6559,37.96060503,-98.04429163,KS20-0529,15 - 30,0.46999999999999997,1.4593853673125201
GMP-Field-64,2020,6559,37.96060503,-98.04429163,KS20-0530,30 - 50,0.27000000000000002,1.606757183430936
GMP-Field-64,2020,6559,37.96060503,-98.04429163,KS20-0531,50 - 100,0.20000000000000001,1.83993233524514
GMP-Field-64,2020,6560,37.9602226,-98.04462581,KS20-0532,0 - 15,0.91000000000000003,1.6855441466314465
GMP-Field-64,2020,6560,37.9602226,-98.04462581,KS20-0533,15 - 30,0.53000000000000003,1.5884176086658732
GMP-Field-64,2020,6560,37.9602226,-98.04462581,KS20-0534,30 - 50,0.47999999999999998,1.4242344764696004
GMP-Field-64,2020,6560,37.9602226,-98.04462581,KS20-0535,50 - 100,0.20999999999999999,1.5713738653850711
GMP-Field-64,2020,6561,37.96061952,-98.04519312,KS20-0536,0 - 15,0.73999999999999999,1.3741279600909275
GMP-Field-64,2020,6561,37.96061952,-98.04519312,KS20-0537,15 - 30,0.63,1.5382477595897983
GMP-Field-64,2020,6561,37.96061952,-98.04519312,KS20-0538,30 - 50,0.57999999999999996,1.4352927433450686
GMP-Field-64,2020,6561,37.96061952,-98.04519312,KS20-0539,50 - 100,0.48999999999999999,1.5252857550360153
GMP-Field-64,2020,6562,37.96026942,-98.04568354,KS20-0540,0 - 15,0.55000000000000004,1.5292640675372726
GMP-Field-64,2020,6562,37.96026942,-98.04568354,KS20-0541,15 - 30,0.54000000000000004,1.6205441220835493
GMP-Field-64,2020,6562,37.96026942,-98.04568354,KS20-0542,30 - 50,0.57999999999999996,1.5718977984556588
GMP-Field-64,2020,6562,37.96026942,-98.04568354,KS20-0543,50 - 100,0.29999999999999999,1.6039182226455275
GMP-Field-64,2020,6563,37.960544,-98.04615984,KS20-0544,0 - 15,1.1699999999999999,1.443101569851565
GMP-Field-64,2020,6563,37.960544,-98.04615984,KS20-0545,15 - 30,0.81000000000000005,1.7634950998131596
GMP-Field-64,2020,6563,37.960544,-98.04615984,KS20-0546,30 - 50,0.58999999999999997,1.6165878508045113
GMP-Field-64,2020,6563,37.960544,-98.04615984,KS20-0547,50 - 100,0.20000000000000001,1.8144015529728634
GMP-Field-64,2020,6564,37.95927217,-98.04556182,KS20-0548,0 - 15,0.58999999999999997,1.6113171357221416
GMP-Field-64,2020,6564,37.95927217,-98.04556182,KS20-0549,15 - 30,0.40999999999999998,1.6106099401277982
GMP-Field-64,2020,6564,37.95927217,-98.04556182,KS20-0550,30 - 50,0.42999999999999999,1.511325907361871
GMP-Field-64,2020,6564,37.95927217,-98.04556182,KS20-0551,50 - 100,0.52000000000000002,1.4809199870424359
GMP-Field-64,2020,6565,37.95898895,-98.04488984,KS20-0552,0 - 15,0.93999999999999995,1.5752554890319321
GMP-Field-64,2020,6565,37.95898895,-98.04488984,KS20-0553,15 - 30,0.54000000000000004,1.6551614663070351
GMP-Field-64,2020,6565,37.95898895,-98.04488984,KS20-0554,30 - 50,0.63,1.4678184450367917
GMP-Field-64,2020,6565,37.95898895,-98.04488984,KS20-0555,50 - 99,0.66000000000000003,1.497150783577722
GMP-Field-64,2020,6566,37.95933303,-98.0437407,KS20-0556,0 - 15,0.73999999999999999,1.5305650269253548
GMP-Field-64,2020,6566,37.95933303,-98.0437407,KS20-0557,15 - 30,0.47999999999999998,1.7193657414391696
GMP-Field-64,2020,6566,37.95933303,-98.0437407,KS20-0558,30 - 50,0.82999999999999996,1.5835403096549574
GMP-Field-64,2020,6566,37.95933303,-98.0437407,KS20-0559,50 - 100,0.48999999999999999,1.6295852299752125
GMP-Field-64,2020,6567,37.95863781,-98.04420127,KS20-0560,0 - 15,0.69999999999999996,1.5043947279312762
GMP-Field-64,2020,6567,37.95863781,-98.04420127,KS20-0561,15 - 30,0.60999999999999999,1.6046083148598838
GMP-Field-64,2020,6567,37.95863781,-98.04420127,KS20-0562,30 - 50,0.60999999999999999,1.4210661432092238
GMP-Field-64,2020,6567,37.95863781,-98.04420127,KS20-0563,50 - 100,0.51000000000000001,1.425701831006227
GMP-Field-64,2020,6568,37.95799359,-98.04444256,KS20-0564,0 - 15,0.59999999999999998,1.6747684552537541
GMP-Field-64,2020,6568,37.95799359,-98.04444256,KS20-0565,15 - 30,0.51000000000000001,1.6114621808793541
GMP-Field-64,2020,6568,37.95799359,-98.04444256,KS20-0566,30 - 50,0.46000000000000002,1.5531463848192995
GMP-Field-64,2020,6568,37.95799359,-98.04444256,KS20-0567,50 - 95,0.46999999999999997,1.4781351033303456
GMP-Field-64,2020,6569,37.9580044,-98.0447851,KS20-0568,0 - 15,0.76000000000000001,1.6728761078169654
GMP-Field-64,2020,6569,37.9580044,-98.0447851,KS20-0569,15 - 30,0.48999999999999999,1.4704889887933434
GMP-Field-64,2020,6569,37.9580044,-98.0447851,KS20-0570,30 - 50,0.48999999999999999,1.5173880435771969
GMP-Field-64,2020,6569,37.9580044,-98.0447851,KS20-0571,50 - 98,0.40000000000000002,1.5083059089159134
GMP-Field-64,2020,6570,37.95719395,-98.04549509,KS20-0572,0 - 15,1.0700000000000001,1.4130876578978764
GMP-Field-64,2020,6570,37.95719395,-98.04549509,KS20-0573,15 - 30,0.84999999999999998,1.5864801644751541
GMP-Field-64,2020,6570,37.95719395,-98.04549509,KS20-0574,30 - 50,0.71999999999999997,1.4785734402300881
GMP-Field-64,2020,6570,37.95719395,-98.04549509,KS20-0575,50 - 99,0.27000000000000002,1.6557212283816667
GMP-Field-64,2020,6571,37.9573817,-98.04569843,KS20-0576,0 - 15,1.24,1.4321343314855683
GMP-Field-64,2020,6571,37.9573817,-98.04569843,KS20-0577,15 - 30,0.71999999999999997,1.5983679937858954
GMP-Field-64,2020,6571,37.9573817,-98.04569843,KS20-0578,30 - 50,0.52000000000000002,1.5413677506627248
GMP-Field-64,2020,6571,37.9573817,-98.04569843,KS20-0579,50 - 99,0.20999999999999999,1.6726589063806701
GMP-Field-64,2020,6572,37.9582924,-98.04683877,KS20-0580,0 - 15,1.04,1.5212326115995385
GMP-Field-64,2020,6572,37.9582924,-98.04683877,KS20-0581,15 - 30,0.82999999999999996,1.5097824712098564
GMP-Field-64,2020,6572,37.9582924,-98.04683877,KS20-0582,30 - 50,0.5,1.6828553897260641
GMP-Field-64,2020,6572,37.9582924,-98.04683877,KS20-0583,50 - 99,0.23000000000000001,1.7661624066837216
GMP-Field-64,2020,6573,37.95873776,-98.04659392,KS20-0584,0 - 15,0.88,1.567924383881472
GMP-Field-64,2020,6573,37.95873776,-98.04659392,KS20-0585,15 - 30,0.47999999999999998,1.6940409447421758
GMP-Field-64,2020,6573,37.95873776,-98.04659392,KS20-0586,30 - 50,0.32000000000000001,1.7032783960432516
GMP-Field-64,2020,6573,37.95873776,-98.04659392,KS20-0587,50 - 99,0.62,1.5073161800729702
GMP-Field-64,2020,6574,37.95928843,-98.04694337,KS20-0588,0 - 15,1.1200000000000001,1.448367897917995
GMP-Field-64,2020,6574,37.95928843,-98.04694337,KS20-0589,15 - 30,0.88,1.6440730681990943
GMP-Field-64,2020,6574,37.95928843,-98.04694337,KS20-0590,30 - 50,0.95999999999999996,1.5893230825158648
GMP-Field-64,2020,6574,37.95928843,-98.04694337,KS20-0591,50 - 98,0.41999999999999998,1.6831165886272379
GMP-Field-64,2020,6576,37.95828534,-98.04736858,KS20-0596,0 - 15,1.3100000000000001,1.5227846269434866
GMP-Field-64,2020,6576,37.95828534,-98.04736858,KS20-0597,15 - 30,0.89000000000000001,1.3954194558219595
GMP-Field-64,2020,6576,37.95828534,-98.04736858,KS20-0598,30 - 50,0.70999999999999996,1.5197262929683135
GMP-Field-64,2020,6576,37.95828534,-98.04736858,KS20-0599,50 - 100,0.35999999999999999,1.7059001000730558
GMP-Field-64,2020,6577,37.95785859,-98.04809486,KS20-0600,0 - 15,1.29,1.5987289970463825
GMP-Field-64,2020,6675,37.92182169,-98.0844955,KS20-0592,0 - 15,1.22,1.5427208132464663
GMP-Field-64,2020,6675,37.92182169,-98.0844955,KS20-0593,15 - 30,0.83999999999999997,1.647716239769621
GMP-Field-64,2020,6675,37.92182169,-98.0844955,KS20-0594,30 - 50,0.90000000000000002,1.4643463218578505
GMP-Field-64,2020,6675,37.92182169,-98.0844955,KS20-0595,50 - 100,0.42999999999999999,1.5587484437097294
