field,year,point,start_depth,end_depth,lon,lat,dry_weight,soc,bd
ICG-Field-3,2020,29,0,12,-88.029342,39.9299907,251.5,2.22,1.3279
ICG-Field-3,2020,8,0,12,-88.030865,39.9300672,187.3,1.93,1.2641
ICG-Field-3,2020,4,0,12,-88.032036,39.9301469,224,2.94,1.2446
ICG-Field-3,2020,30,0,12,-88.033089,39.9301375,189.1,2.77,1.2892
ICG-Field-3,2020,25,0,12,-88.033555,39.9299532,223.5,2.56,1.2951
ICG-Field-3,2020,11,0,12,-88.034956,39.9297605,204.7,2.66,1.2577
ICG-Field-3,2020,31,0,12,-88.036247,39.9300193,162.5,3.03,1.257
ICG-Field-3,2020,32,0,12,-88.0373,39.9300098,217.8,2.11,1.3465
ICG-Field-3,2020,20,0,12,-88.037393,39.9283873,221.1,2.12,1.3262
ICG-Field-3,2020,16,0,12,-88.036575,39.9284847,235.6,2.34,1.3336
ICG-Field-3,2020,23,0,12,-88.034594,39.929043,227.8,2.18,1.3877
ICG-Field-3,2020,17,0,12,-88.032957,39.9291477,202.6,2.02,1.265
ICG-Field-3,2020,24,0,12,-88.032723,39.9291497,213,2.32,1.2494
ICG-Field-3,2020,26,0,12,-88.032262,39.9296043,229.5,2.39,1.2534
ICG-Field-3,2020,7,0,12,-88.031089,39.9294346,180.9,2.24,1.2516
ICG-Field-3,2020,13,0,12,-88.029799,39.9292658,248.6,1.9,1.3287
ICG-Field-3,2020,22,0,12,-88.032254,39.9290638,207.3,2.57,1.265
ICG-Field-3,2020,21,0,12,-88.032952,39.9287873,255.1,2.87,1.2553
ICG-Field-3,2020,3,0,12,-88.033421,39.9288732,183.9,2.53,1.2677
ICG-Field-3,2020,10,0,12,-88.036801,39.9279421,220.4,1.54,1.3874
ICG-Field-3,2020,15,0,12,-88.0368,39.927852,195.9,1.75,1.3874
ICG-Field-3,2020,14,0,12,-88.037262,39.9274875,270.2,2.09,1.3413
ICG-Field-3,2020,19,0,12,-88.03668,39.9276729,241.8,1.89,1.3479
ICG-Field-3,2020,12,0,12,-88.034922,39.9275084,253.5,2.33,1.2625
ICG-Field-3,2020,6,0,12,-88.033985,39.9274267,178.9,2.11,1.3418
ICG-Field-3,2020,5,0,12,-88.03248,39.9285212,193.6,1.86,1.3785
ICG-Field-3,2020,9,0,12,-88.03224,39.928163,209.7,1.82,1.3785
ICG-Field-3,2020,2,0,12,-88.031654,39.9280781,244.4,1.73,1.3367
ICG-Field-3,2020,27,0,12,-88.031308,39.9284416,219.5,2.15,1.3925
ICG-Field-3,2020,1,0,12,-88.029318,39.9283692,220.8,1.91,1.3545
ICG-Field-3,2020,28,0,12,-88.02932,39.9285493,180.1,1.65,1.3545
ICG-Field-3,2020,18,0,12,-88.028867,39.9295444,279.4,1.9,1.3369
ICG-Field-4,2020,16,0,12,-88.026827,39.9255861,167.3,2.48,1.3253
ICG-Field-4,2020,6,0,12,-88.026125,39.9255923,196.3,3.07,1.3377
ICG-Field-4,2020,1,0,12,-88.02554,39.9255975,293.4,1.93,1.3355
ICG-Field-4,2020,20,0,12,-88.02355,39.925525,234.6,2.32,1.3834
ICG-Field-4,2020,21,0,12,-88.023199,39.9255281,213.9,1.98,1.3834
ICG-Field-4,2020,17,0,12,-88.023085,39.9257093,201.1,2.46,1.2738
ICG-Field-4,2020,12,0,12,-88.022849,39.9256213,223.7,2.11,1.2565
ICG-Field-4,2020,18,0,12,-88.021798,39.9257206,192.3,1.94,1.2394
ICG-Field-4,2020,8,0,12,-88.020976,39.9255477,173.8,2.68,1.249
ICG-Field-4,2020,3,0,12,-88.019689,39.925559,268.7,2.84,1.2592
ICG-Field-4,2020,11,0,12,-88.019927,39.9258272,200.2,2.12,1.2556
ICG-Field-4,2020,14,0,12,-88.019819,39.9264588,199.5,2.07,1.2701
ICG-Field-4,2020,10,0,12,-88.020866,39.9259991,182.2,2.45,1.2462
ICG-Field-4,2020,7,0,12,-88.020985,39.9261783,222.9,2.13,1.2359
ICG-Field-4,2020,9,0,12,-88.02157,39.9261731,131.7,2.72,1.2467
ICG-Field-4,2020,5,0,12,-88.022157,39.9262581,219.4,1.82,1.2444
ICG-Field-4,2020,15,0,12,-88.024495,39.9261473,186.4,2.49,1.2489
ICG-Field-4,2020,19,0,12,-88.024607,39.925786,188.1,2.32,1.245
ICG-Field-4,2020,4,0,12,-88.024725,39.925875,212.7,2.72,1.3249
ICG-Field-4,2020,2,0,12,-88.025076,39.9258719,169.7,2.59,1.3344
ICG-Field-4,2020,22,0,12,-88.026018,39.926224,197,2.46,1.2552
ICG-Field-4,2020,13,0,12,-88.026365,39.9259506,231.8,2.56,1.3323
ICG-Field-2,2020,22,0,12,-88.02753,39.9274895,175,2.55,1.2626
ICG-Field-2,2020,30,0,12,-88.027781,39.9286585,141.4,2.22,1.2733
ICG-Field-2,2020,7,0,12,-88.026965,39.9288459,149,3.17,1.2555
ICG-Field-2,2020,4,0,12,-88.026852,39.9291172,196.7,3.09,1.2695
ICG-Field-2,2020,5,0,12,-88.026978,39.9297468,223.9,3.34,1.1502
ICG-Field-2,2020,15,0,12,-88.026391,39.9295718,145.6,2.75,1.1502
ICG-Field-2,2020,16,0,12,-88.02638,39.9288511,181.2,2.66,1.3911
ICG-Field-2,2020,1,0,12,-88.026491,39.9284897,199,2.51,1.3413
ICG-Field-2,2020,19,0,12,-88.026011,39.9276831,273.5,2.22,1.3889
ICG-Field-2,2020,8,0,12,-88.026356,39.9272296,198.1,1.94,1.3205
ICG-Field-2,2020,23,0,12,-88.025886,39.9271437,230.6,2.21,1.3473
ICG-Field-2,2020,28,0,12,-88.024602,39.9273352,149.3,2.44,1.3333
ICG-Field-2,2020,29,0,12,-88.023551,39.9275247,203,2.64,1.2598
ICG-Field-2,2020,12,0,12,-88.023094,39.9282495,191.2,2.45,1.2511
ICG-Field-2,2020,13,0,12,-88.022861,39.9283416,189.2,2.25,1.2809
ICG-Field-2,2020,27,0,12,-88.023218,39.9286989,235,2.73,1.262
ICG-Field-2,2020,20,0,12,-88.022877,39.9294227,183.2,2.14,1.2614
ICG-Field-2,2020,11,0,12,-88.023464,39.9295076,269.2,2.01,1.2522
ICG-Field-2,2020,6,0,12,-88.023818,39.9296846,203.3,2.39,1.2412
ICG-Field-2,2020,26,0,12,-88.024174,39.9300419,225.4,2.13,1.2528
ICG-Field-2,2020,21,0,12,-88.024643,39.9301278,207.5,1.98,1.2616
ICG-Field-2,2020,18,0,12,-88.021834,39.9300625,206.8,2.01,1.3807
ICG-Field-2,2020,17,0,12,-88.020073,39.9297177,232,2.21,1.3406
ICG-Field-2,2020,14,0,12,-88.019834,39.9293594,239.6,2.39,1.274
ICG-Field-2,2020,25,0,12,-88.019944,39.9289079,276.1,1.99,1.271
ICG-Field-2,2020,3,0,12,-88.019819,39.9283684,161,2.48,1.2769
ICG-Field-2,2020,10,0,12,-88.019461,39.9279211,192.6,2.35,1.2569
ICG-Field-2,2020,2,0,12,-88.020399,39.9280029,210.2,1.89,1.2484
ICG-Field-2,2020,9,0,12,-88.020278,39.9277337,256.3,1.47,1.2798
ICG-Field-2,2020,24,0,12,-88.020387,39.9271922,194.6,2.01,1.2481
ICG-Field-1,2020,8,0,12,-88.027419,39.9247033,224.8,2.19,1.3131
ICG-Field-1,2020,20,0,12,-88.027412,39.9242528,284.8,2.06,1.3625
ICG-Field-1,2020,7,0,12,-88.027407,39.9238925,255.2,2.07,1.3834
ICG-Field-1,2020,10,0,12,-88.027403,39.9236223,185.5,1.93,1.3758
ICG-Field-1,2020,18,0,12,-88.025769,39.923907,230.5,1.48,1.3725
ICG-Field-1,2020,21,0,12,-88.025415,39.9237299,206.7,1.58,1.3519
ICG-Field-1,2020,22,0,12,-88.025063,39.923643,207.6,2.22,1.3519
ICG-Field-1,2020,16,0,12,-88.02448,39.9238283,156.5,2.62,1.3237
ICG-Field-1,2020,17,0,12,-88.023425,39.9236574,171,2.61,1.3342
ICG-Field-1,2020,11,0,12,-88.022138,39.9236688,253.1,1.9,1.3776
ICG-Field-1,2020,5,0,12,-88.020029,39.9235072,181.3,2.1,1.2456
ICG-Field-1,2020,3,0,12,-88.020038,39.9241378,224.3,2.85,1.247
ICG-Field-1,2020,6,0,12,-88.01946,39.9245933,175.1,2.84,1.2688
ICG-Field-1,2020,1,0,12,-88.020976,39.9242196,233.6,2.45,1.2493
ICG-Field-1,2020,2,0,12,-88.021208,39.9241275,171.6,2.24,1.2536
ICG-Field-1,2020,4,0,12,-88.0218,39.9245727,240.3,1.74,1.2456
ICG-Field-1,2020,9,0,12,-88.022852,39.9244734,198.6,1.94,1.3844
ICG-Field-1,2020,19,0,12,-88.023203,39.9244703,247.6,2.06,1.2789
ICG-Field-1,2020,13,0,12,-88.02308,39.924111,265.1,1.87,1.3827
ICG-Field-1,2020,12,0,12,-88.024956,39.9243647,203.7,1.61,1.3918
ICG-Field-1,2020,14,0,12,-88.025079,39.924724,228.8,2.17,1.3884
ICG-Field-1,2020,15,0,12,-88.025658,39.9243585,251.3,2.19,1.3419
ICG-Field-6,2020,18,0,12,-89.580875,39.3566189,259,1.77,1.3282
ICG-Field-6,2020,20,0,12,-89.582299,39.3574882,161.3,1.67,1.3305
ICG-Field-6,2020,5,0,12,-89.583247,39.3580077,209.6,1.12,1.2619
ICG-Field-6,2020,13,0,12,-89.583138,39.3581903,208,0.67,1.3781
ICG-Field-6,2020,4,0,12,-89.584426,39.358522,193.2,1.27,1.3928
ICG-Field-6,2020,12,0,12,-89.585261,39.3591341,218,1.7,1.4298
ICG-Field-6,2020,1,0,12,-89.585245,39.358684,219.1,1.35,1.3929
ICG-Field-6,2020,17,0,12,-89.584165,39.357717,183.3,1.58,1.3236
ICG-Field-6,2020,10,0,12,-89.583234,39.3576476,194,1.69,1.3348
ICG-Field-6,2020,9,0,12,-89.582637,39.3572104,172.2,1.98,1.3395
ICG-Field-6,2020,8,0,12,-89.582982,39.3571127,187.8,1.74,1.3349
ICG-Field-6,2020,14,0,12,-89.58379,39.3570046,221.4,1.52,1.31
ICG-Field-6,2020,7,0,12,-89.58486,39.3577016,198.9,1.49,1.3432
ICG-Field-6,2020,19,0,12,-89.585089,39.3576064,205.1,1.26,1.3432
ICG-Field-6,2020,16,0,12,-89.585443,39.3577787,175.4,1.37,1.3165
ICG-Field-6,2020,2,0,12,-89.585921,39.3581284,182.6,1.27,1.2724
ICG-Field-6,2020,3,0,12,-89.585553,39.3575961,199.4,1.31,1.2704
ICG-Field-6,2020,22,0,12,-89.586007,39.3573157,213.1,1.76,1.3284
ICG-Field-6,2020,15,0,12,-89.585523,39.3567859,159,1.44,1.3338
ICG-Field-6,2020,11,0,12,-89.584466,39.3564491,187.2,1.73,1.3213
ICG-Field-6,2020,21,0,12,-89.584244,39.3567243,178.4,1.86,1.3412
ICG-Field-6,2020,6,0,12,-89.582031,39.3565031,148.9,1.97,1.3416
ICG-Field-5,2020,4,0,12,-89.574697,39.3629799,202.6,1.47,1.3293
ICG-Field-5,2020,10,0,12,-89.575042,39.3628822,296.9,1.77,1.2858
ICG-Field-5,2020,3,0,12,-89.574551,39.3621723,237.3,1.52,1.2888
ICG-Field-5,2020,13,0,12,-89.574541,39.3619023,230.1,1.66,1.2873
ICG-Field-5,2020,14,0,12,-89.57419,39.3618199,202.3,1.46,1.2871
ICG-Field-5,2020,20,0,12,-89.574177,39.3614599,192.4,1.63,1.2886
ICG-Field-5,2020,11,0,12,-89.573822,39.3612875,184.6,1.56,1.2847
ICG-Field-5,2020,21,0,12,-89.574141,39.3604697,191.7,1.95,1.2837
ICG-Field-5,2020,18,0,12,-89.575058,39.3601791,199.3,1.85,1.2962
ICG-Field-5,2020,9,0,12,-89.575191,39.3606266,175.9,1.54,1.2773
ICG-Field-5,2020,15,0,12,-89.576109,39.360336,178.1,1.7,1.2879
ICG-Field-5,2020,17,0,12,-89.576698,39.3605932,211.3,1.52,1.3189
ICG-Field-5,2020,12,0,12,-89.577275,39.3604904,232.2,1.05,1.294
ICG-Field-5,2020,7,0,12,-89.57696,39.3613982,202.1,1.59,1.3365
ICG-Field-5,2020,5,0,12,-89.576012,39.3608787,192.2,1.71,1.3386
ICG-Field-5,2020,2,0,12,-89.576254,39.3611436,167.1,1.73,1.3286
ICG-Field-5,2020,8,0,12,-89.576036,39.3615088,163.3,1.68,1.3376
ICG-Field-5,2020,19,0,12,-89.575949,39.3623215,214.4,1.66,1.2242
ICG-Field-5,2020,22,0,12,-89.577109,39.3622958,189.7,1.52,1.2298
ICG-Field-5,2020,16,0,12,-89.577579,39.3624656,223.3,1.61,1.2854
ICG-Field-5,2020,6,0,12,-89.577719,39.3630931,179.2,1.62,1.2866
ICG-Field-5,2020,1,0,12,-89.577248,39.3629234,176,1.53,1.2845
ICG-Field-7,2020,7,0,12,-88.372252,39.9827866,220.5,1.92,1.3502
ICG-Field-7,2020,23,0,12,-88.372971,39.9835889,164.9,1.6,1.3459
ICG-Field-7,2020,25,0,12,-88.372407,39.9846767,201.9,2.14,1.3495
ICG-Field-7,2020,30,0,12,-88.372544,39.9856661,270.2,1.59,1.349
ICG-Field-7,2020,17,0,12,-88.372807,39.9871045,208,1.46,1.3536
ICG-Field-7,2020,21,0,12,-88.373045,39.9872819,277.4,1.79,1.3343
ICG-Field-7,2020,22,0,12,-88.373293,39.9879997,200.6,1.72,1.3043
ICG-Field-7,2020,6,0,12,-88.37214,39.9889142,223.2,2.25,1.3056
ICG-Field-7,2020,15,0,12,-88.371088,39.9890168,224.4,2.06,1.2864
ICG-Field-7,2020,31,0,12,-88.369085,39.9884098,184.5,2.06,1.272
ICG-Field-7,2020,3,0,12,-88.369548,39.9881341,170.7,1.76,1.2901
ICG-Field-7,2020,8,0,12,-88.370726,39.9884805,209.3,1.77,1.3505
ICG-Field-7,2020,19,0,12,-88.372012,39.9883752,232.5,2.03,1.2497
ICG-Field-7,2020,34,0,12,-88.372237,39.9879221,193.5,1.76,1.3454
ICG-Field-7,2020,32,0,12,-88.370477,39.9877627,253.6,1.86,1.3542
ICG-Field-7,2020,26,0,12,-88.369887,39.9874994,202.9,1.51,1.3569
ICG-Field-7,2020,9,0,12,-88.37047,39.9874024,217.9,1.46,1.376
ICG-Field-7,2020,2,0,12,-88.372102,39.9870227,204.2,1.81,1.3558
ICG-Field-7,2020,18,0,12,-88.370223,39.9867747,218.8,2.03,1.2831
ICG-Field-7,2020,5,0,12,-88.369993,39.9869576,251.4,2.2,1.284
ICG-Field-7,2020,13,0,12,-88.368815,39.9866111,209.6,1.74,1.3156
ICG-Field-7,2020,27,0,12,-88.371964,39.9859432,228.4,1.75,1.3579
ICG-Field-7,2020,4,0,12,-88.372182,39.9851298,163.5,2.17,1.2915
ICG-Field-7,2020,12,0,12,-88.371596,39.9851368,241.6,2.03,1.2895
ICG-Field-7,2020,29,0,12,-88.370658,39.9850578,196.3,1.51,1.3487
ICG-Field-7,2020,24,0,12,-88.369604,39.9850702,226.3,1.69,1.3541
ICG-Field-7,2020,1,0,12,-88.369831,39.9847072,213.3,1.86,1.2885
ICG-Field-7,2020,20,0,12,-88.370297,39.9846116,268,1.71,1.2768
ICG-Field-7,2020,28,0,12,-88.372266,39.9835071,223.7,1.81,1.3605
ICG-Field-7,2020,16,0,12,-88.371794,39.9833325,259.8,1.79,1.3538
ICG-Field-7,2020,33,0,12,-88.37027,39.9832605,271.2,1.82,1.2831
ICG-Field-7,2020,10,0,12,-88.369452,39.9833602,254.5,2.16,1.2717
ICG-Field-7,2020,14,0,12,-88.369903,39.982454,191.3,2.09,1.338
ICG-Field-7,2020,11,0,12,-88.370486,39.982357,272.7,1.85,1.3355
ICG-Field-10,2020,20,0,12,-88.160936,40.7209142,350.9,2.4,1.3114
ICG-Field-10,2020,10,0,12,-88.161181,40.7213622,293.6,2.35,1.3896
ICG-Field-10,2020,5,0,12,-88.161188,40.7218125,301.4,1.95,1.3311
ICG-Field-10,2020,21,0,12,-88.161663,40.7218978,281,2.48,1.3272
ICG-Field-10,2020,29,0,12,-88.160847,40.7226267,368.5,1.31,1.367
ICG-Field-10,2020,25,0,12,-88.161087,40.7228045,364.9,0.98,1.3576
ICG-Field-10,2020,9,0,12,-88.16145,40.7232513,307.8,2.57,1.3614
ICG-Field-10,2020,6,0,12,-88.161103,40.7237052,238.4,2.19,1.359
ICG-Field-10,2020,14,0,12,-88.161115,40.7244257,228.1,2.77,1.3896
ICG-Field-10,2020,32,0,12,-88.161,40.724607,234.5,2.71,1.3896
ICG-Field-10,2020,15,0,12,-88.16196,40.7253181,432.2,2.49,1.2869
ICG-Field-10,2020,12,0,12,-88.161253,40.7255053,283.8,2.54,1.2711
ICG-Field-10,2020,22,0,12,-88.161385,40.7263148,361.4,2.4,1.2896
ICG-Field-10,2020,13,0,12,-88.160083,40.7263279,320.9,2.24,1.2623
ICG-Field-10,2020,26,0,12,-88.160196,40.7260565,316,2.62,1.2648
ICG-Field-10,2020,27,0,12,-88.159829,40.7253395,310.2,2.79,1.2833
ICG-Field-10,2020,18,0,12,-88.159234,40.7251653,259.5,2.34,1.3247
ICG-Field-10,2020,3,0,12,-88.158167,40.7250859,290.4,2.71,1.1502
ICG-Field-10,2020,19,0,12,-88.158637,40.724901,276.6,3.05,1.3587
ICG-Field-10,2020,24,0,12,-88.159695,40.72444,352.1,2.13,1.3641
ICG-Field-10,2020,16,0,12,-88.158621,40.7240004,412.7,2.26,1.3587
ICG-Field-10,2020,8,0,12,-88.159922,40.7238972,262,2.4,1.3579
ICG-Field-10,2020,11,0,12,-88.160159,40.7238948,347.9,2.16,1.3513
ICG-Field-10,2020,2,0,12,-88.160513,40.7238012,346.5,2.02,1.3626
ICG-Field-10,2020,30,0,12,-88.158254,40.7232834,326.1,2.56,1.3621
ICG-Field-10,2020,31,0,12,-88.158367,40.723012,401.1,2.6,1.3674
ICG-Field-10,2020,28,0,12,-88.159431,40.7229112,309.6,2.09,1.3634
ICG-Field-10,2020,1,0,12,-88.158953,40.7226458,339.8,2.13,1.3896
ICG-Field-10,2020,17,0,12,-88.158829,40.7222867,375.7,1.91,1.3896
ICG-Field-10,2020,4,0,12,-88.158944,40.7221054,333.9,2.54,1.3698
ICG-Field-10,2020,23,0,12,-88.157986,40.7214844,316.6,2.37,1.3896
ICG-Field-10,2020,7,0,12,-88.158218,40.7212118,314.2,2.58,1.3163
ICG-Field-9,2020,30,0,12,-88.197319,40.6852414,140.6,2.94,1.3547
ICG-Field-9,2020,16,0,12,-88.198697,40.6895511,132.6,1.99,1.4065
ICG-Field-9,2020,14,0,12,-88.197866,40.6893796,116.3,2.5,1.3896
ICG-Field-9,2020,22,0,12,-88.198558,40.6883815,116.5,2.05,1.3316
ICG-Field-9,2020,26,0,12,-88.197965,40.6882975,140,2.85,1.3848
ICG-Field-9,2020,1,0,12,-88.197484,40.6878521,139.2,1.68,1.3812
ICG-Field-9,2020,11,0,12,-88.198288,40.6864925,216.7,2.3,1.3895
ICG-Field-9,2020,25,0,12,-88.198271,40.6855918,237.2,1.66,1.379
ICG-Field-9,2020,10,0,12,-88.198147,40.6852328,210,2.19,1.3896
ICG-Field-9,2020,17,0,12,-88.197549,40.6848787,203.3,1.85,1.3589
ICG-Field-9,2020,21,0,12,-88.19658,40.6836275,121.7,2.96,1.3896
ICG-Field-9,2020,27,0,12,-88.19599,40.6837237,125.7,2.05,1.3896
ICG-Field-9,2020,29,0,12,-88.194807,40.683736,122.2,1.58,1.3896
ICG-Field-9,2020,24,0,12,-88.195649,40.684538,125.2,2.3,1.3896
ICG-Field-9,2020,5,0,12,-88.195302,40.684992,116.9,2.07,1.3896
ICG-Field-9,2020,7,0,12,-88.197093,40.6858743,121.6,2.89,1.3896
ICG-Field-9,2020,3,0,12,-88.197453,40.6861408,129.8,3.07,1.3895
ICG-Field-9,2020,13,0,12,-88.197218,40.6862334,117.8,1.93,1.3892
ICG-Field-9,2020,9,0,12,-88.195442,40.6861617,127.4,2.45,1.3896
ICG-Field-9,2020,31,0,12,-88.195587,40.6871009,155.8,2.33,1.3896
ICG-Field-9,2020,18,0,12,-88.196874,40.6868675,137.8,2.06,1.3896
ICG-Field-9,2020,20,0,12,-88.196524,40.6871414,198.8,2.47,1.3896
ICG-Field-9,2020,28,0,12,-88.195827,40.6878693,95.6,1.96,1.3697
ICG-Field-9,2020,8,0,12,-88.196777,40.6880396,145.1,1.43,1.3928
ICG-Field-9,2020,4,0,12,-88.197143,40.6886664,121.9,2.69,1.3672
ICG-Field-9,2020,2,0,12,-88.19679,40.6887602,196.4,2.79,1.3835
ICG-Field-9,2020,6,0,12,-88.194889,40.6883294,177.2,2.95,1.3896
ICG-Field-9,2020,15,0,12,-88.195248,40.688596,199.7,3.16,1.3883
ICG-Field-9,2020,32,0,12,-88.195368,40.6886848,199.3,1.98,1.3896
ICG-Field-9,2020,23,0,12,-88.195499,40.6894041,184.6,2.39,1.3878
ICG-Field-9,2020,19,0,12,-88.195858,40.6895806,180.4,2.51,1.3671
ICG-Field-9,2020,12,0,12,-88.196686,40.689572,223.3,2.01,1.3832
ICG-Field-8,2020,15,0,12,-88.181031,40.6887962,505.4,2.01,1.3896
ICG-Field-8,2020,1,0,12,-88.181234,40.689423,353.8,2.26,1.5
ICG-Field-8,2020,10,0,12,-88.180925,40.689518,279.6,2.35,1.3896
ICG-Field-8,2020,22,0,12,-88.180781,40.6898068,308.8,2.2,1.3896
ICG-Field-8,2020,13,0,12,-88.181641,40.689871,377.2,2.04,1.5
ICG-Field-8,2020,5,0,12,-88.181993,40.6896872,340.7,2.17,1.3809
ICG-Field-8,2020,12,0,12,-88.182582,40.689501,380.1,2.13,1.3781
ICG-Field-8,2020,9,0,12,-88.182818,40.6894986,370.1,1.88,1.3896
ICG-Field-8,2020,17,0,12,-88.184005,40.6896666,357.1,1.89,1.3896
ICG-Field-8,2020,21,0,12,-88.183284,40.6890434,373.3,2.02,1.3896
ICG-Field-8,2020,18,0,12,-88.182451,40.6887817,328.6,2.78,1.3896
ICG-Field-8,2020,3,0,12,-88.183042,40.6887756,354.7,1.72,1.3896
ICG-Field-8,2020,14,0,12,-88.183161,40.6887744,370.8,2.15,1.3896
ICG-Field-8,2020,16,0,12,-88.183394,40.6885919,383.6,2.41,1.3896
ICG-Field-8,2020,11,0,12,-88.184336,40.6883119,428.4,2.15,1.3896
ICG-Field-8,2020,6,0,12,-88.18326,40.6876924,422,2.19,1.3292
ICG-Field-8,2020,4,0,12,-88.182431,40.6877009,468.1,1.74,1.269
ICG-Field-8,2020,20,0,12,-88.181961,40.6878859,404.7,2.08,1.3896
ICG-Field-8,2020,19,0,12,-88.182304,40.6871617,425.9,1.99,1.3896
ICG-Field-8,2020,2,0,12,-88.181359,40.6872614,416.9,2.2,1.3896
ICG-Field-8,2020,8,0,12,-88.18065,40.6873588,398.7,2.47,1.3896
ICG-Field-8,2020,7,0,12,-88.18078,40.687988,406.2,2.39,1.3855
ICG-Field-12,2020,3,0,12,-87.665113,40.3642997,142.6,2.67,1.4236
ICG-Field-12,2020,20,0,12,-87.664523,40.364213,127.4,2.53,1.3731
ICG-Field-12,2020,40,0,12,-87.664399,40.3635831,153.8,1.35,1.3943
ICG-Field-12,2020,56,0,12,-87.665096,40.3625881,229.7,1.74,1.404
ICG-Field-12,2020,47,0,12,-87.665331,40.3624966,139.6,2.13,1.377
ICG-Field-12,2020,34,0,12,-87.665092,40.3622277,237.8,1.49,1.4607
ICG-Field-12,2020,42,0,12,-87.663915,40.3622345,176.2,1.2,1.3688
ICG-Field-12,2020,24,0,12,-87.664032,40.3621437,232,1.1,1.4002
ICG-Field-12,2020,25,0,12,-87.663912,40.3619642,181.6,1.29,1.4002
ICG-Field-12,2020,31,0,12,-87.664498,40.3616906,178.1,1.61,1.3584
ICG-Field-12,2020,50,0,12,-87.664258,40.3612415,156.6,1.25,1.3798
ICG-Field-12,2020,41,0,12,-87.664487,40.3605195,142.3,1.25,1.404
ICG-Field-12,2020,14,0,12,-87.663662,40.3605242,179.9,1.7,1.3863
ICG-Field-12,2020,2,0,12,-87.662953,40.360258,190.1,1.25,1.4093
ICG-Field-12,2020,49,0,12,-87.663422,40.3600751,154.6,1.1,1.3753
ICG-Field-12,2020,37,0,12,-87.664705,40.3588065,147.6,2.09,1.428
ICG-Field-12,2020,53,0,12,-87.664233,40.358629,95.3,2.26,1.3501
ICG-Field-12,2020,19,0,12,-87.664461,40.357907,170.7,2.14,1.4905
ICG-Field-12,2020,26,0,12,-87.663166,40.3579144,212.7,2.39,1.406
ICG-Field-12,2020,12,0,12,-87.662817,40.3583668,154.9,1.9,1.4301
ICG-Field-12,2020,52,0,12,-87.662106,40.3579205,143.9,1.78,1.3945
ICG-Field-12,2020,32,0,12,-87.661865,40.3573813,262.2,1.24,1.393
ICG-Field-12,2020,38,0,12,-87.662215,40.3570189,204.5,1.53,1.4018
ICG-Field-12,2020,15,0,12,-87.663502,40.3562007,198.3,1.48,1.4143
ICG-Field-12,2020,27,0,12,-87.663029,40.3559332,224.3,1.39,1.3967
ICG-Field-12,2020,33,0,12,-87.662317,40.3553967,163.3,1.12,1.3729
ICG-Field-12,2020,55,0,12,-87.664077,40.354756,167.3,1.6,1.4004
ICG-Field-12,2020,29,0,12,-87.66289,40.3538619,215.2,1.26,1.3954
ICG-Field-12,2020,57,0,12,-87.660645,40.3530639,189.3,1.5,1.3402
ICG-Field-12,2020,6,0,12,-87.652992,40.3531974,296.5,0.48,1.5636
ICG-Field-12,2020,44,0,12,-87.651817,40.3534743,222.9,1.15,1.3858
ICG-Field-12,2020,5,0,12,-87.654408,40.3534597,210.3,1.33,1.3214
ICG-Field-12,2020,35,0,12,-87.657353,40.3535331,155.9,1.19,1.3329
ICG-Field-12,2020,18,0,12,-87.660533,40.3536051,217.6,1.26,1.3869
ICG-Field-12,2020,17,0,12,-87.662188,40.3543163,214.1,1.23,1.3849
ICG-Field-12,2020,43,0,12,-87.661365,40.3544111,182.1,1.06,1.374
ICG-Field-12,2020,46,0,12,-87.661607,40.3550404,224.2,1.2,1.3985
ICG-Field-12,2020,23,0,12,-87.661259,40.3555829,226.6,1.2,1.2887
ICG-Field-12,2020,21,0,12,-87.662088,40.3561187,137.2,1.21,1.3539
ICG-Field-12,2020,39,0,12,-87.661621,40.3564818,249.6,1.33,1.4054
ICG-Field-12,2020,4,0,12,-87.661153,40.3568448,119.6,1.27,1.4054
ICG-Field-12,2020,54,0,12,-87.661399,40.3579245,176.9,1.62,1.4001
ICG-Field-12,2020,28,0,12,-87.661774,40.3600846,117.4,2.04,1.3733
ICG-Field-12,2020,30,0,12,-87.66201,40.3601733,140.3,1.67,1.3016
ICG-Field-12,2020,16,0,12,-87.661305,40.3603575,168.9,1.8,1.3587
ICG-Field-12,2020,11,0,12,-87.661661,40.3606258,130.6,2.21,1.3584
ICG-Field-12,2020,22,0,12,-87.661547,40.3609868,93.2,1.71,1.3774
ICG-Field-12,2020,7,0,12,-87.661669,40.3614365,130.3,2.05,1.3595
ICG-Field-12,2020,1,0,12,-87.662264,40.3620638,186.1,1.06,1.3954
ICG-Field-12,2020,48,0,12,-87.662616,40.3618816,201,1.3,1.3948
ICG-Field-12,2020,10,0,12,-87.663088,40.361969,157.6,1.24,1.3976
ICG-Field-12,2020,13,0,12,-87.662857,40.3625108,180.1,1.2,1.391
ICG-Field-12,2020,8,0,12,-87.66133,40.3628799,208,0.96,1.3959
ICG-Field-12,2020,51,0,12,-87.662396,40.3635045,218.9,0.97,1.3948
ICG-Field-12,2020,9,0,12,-87.66228,40.3636853,246.4,0.99,1.4127
ICG-Field-12,2020,45,0,12,-87.661575,40.3638695,234.4,1.2,1.3848
ICG-Field-12,2020,36,0,12,-87.662523,40.3644047,182.8,1.31,1.4167
ICG-Field-11,2020,28,0,12,-87.733968,40.240338,109.8,2.32,1.3141
ICG-Field-11,2020,60,0,12,-87.734437,40.240245,127.1,2.12,1.3073
ICG-Field-11,2020,56,0,12,-87.734672,40.2402435,93.4,2.09,1.3074
ICG-Field-11,2020,10,0,12,-87.735842,40.2396955,130.4,1.76,1.3343
ICG-Field-11,2020,27,0,12,-87.735487,40.2395176,303.1,2.32,1.3254
ICG-Field-11,2020,33,0,12,-87.736542,40.2392406,146.1,1.48,1.308
ICG-Field-11,2020,29,0,12,-87.734074,40.2392562,114.4,1.96,1.3174
ICG-Field-11,2020,6,0,12,-87.734539,40.2388028,120,2.11,1.3765
ICG-Field-11,2020,13,0,12,-87.734181,40.2383546,145.3,1.41,1.3942
ICG-Field-11,2020,38,0,12,-87.733707,40.2379973,123,2.01,1.3113
ICG-Field-11,2020,15,0,12,-87.735711,40.238435,141.3,1.53,1.3313
ICG-Field-11,2020,12,0,12,-87.736063,40.2384328,118.6,2.41,1.3926
ICG-Field-11,2020,5,0,12,-87.736289,40.2375304,114.2,2.51,1.3442
ICG-Field-11,2020,1,0,12,-87.736168,40.2372609,154.3,1.3,1.3381
ICG-Field-11,2020,4,0,12,-87.733229,40.2372796,155.3,1.68,1.3772
ICG-Field-11,2020,40,0,12,-87.732406,40.2372848,111.2,1.66,1.3528
ICG-Field-11,2020,11,0,12,-87.732981,40.2360198,126,2.07,1.3539
ICG-Field-11,2020,55,0,12,-87.733569,40.2361062,171.8,1.34,1.3284
ICG-Field-11,2020,23,0,12,-87.733805,40.2361948,140.8,1.32,1.4098
ICG-Field-11,2020,32,0,12,-87.73428,40.2366422,113.1,2.28,1.4154
ICG-Field-11,2020,20,0,12,-87.734636,40.2369103,182.7,1.24,1.4098
ICG-Field-11,2020,58,0,12,-87.735217,40.2362759,195.6,0.64,1.3262
ICG-Field-11,2020,22,0,12,-87.736158,40.23636,186.6,0.76,1.4098
ICG-Field-11,2020,35,0,12,-87.736389,40.2359081,131.4,1.65,1.4098
ICG-Field-11,2020,61,0,12,-87.737211,40.2359029,115,1.67,1.3172
ICG-Field-11,2020,24,0,12,-87.73367,40.234574,132.2,1.73,1.3542
ICG-Field-11,2020,7,0,12,-87.732851,40.2349395,57,2.64,1.3429
ICG-Field-11,2020,41,0,12,-87.730853,40.2349522,137.6,2.26,1.339
ICG-Field-11,2020,47,0,12,-87.729679,40.2350497,153.2,1.94,1.3657
ICG-Field-11,2020,46,0,12,-87.728624,40.2353266,110.3,2.5,1.3458
ICG-Field-11,2020,43,0,12,-87.728743,40.235506,112.8,1.68,1.3458
ICG-Field-11,2020,9,0,12,-87.729566,40.2355008,47.9,1.31,1.3865
ICG-Field-11,2020,50,0,12,-87.730866,40.2361233,138.4,1.51,1.347
ICG-Field-11,2020,36,0,12,-87.730635,40.2364851,111.8,1.31,1.3297
ICG-Field-11,2020,44,0,12,-87.730164,40.2364881,88.9,1.78,1.3991
ICG-Field-11,2020,3,0,12,-87.72981,40.2363101,123.4,1.56,1.3815
ICG-Field-11,2020,54,0,12,-87.728988,40.2364054,156.6,1.58,1.3947
ICG-Field-11,2020,16,0,12,-87.728756,40.2366772,115.6,1.59,1.3919
ICG-Field-11,2020,59,0,12,-87.728525,40.2371291,102.2,1.38,1.3896
ICG-Field-11,2020,17,0,12,-87.728878,40.2371269,122.6,1.29,1.3896
ICG-Field-11,2020,39,0,12,-87.729824,40.2376614,124.6,1.3,1.3847
ICG-Field-11,2020,42,0,12,-87.730057,40.2374798,111.7,1.4,1.3002
ICG-Field-11,2020,51,0,12,-87.730177,40.2376592,140.4,1.28,1.3847
ICG-Field-11,2020,48,0,12,-87.73088,40.2374746,137.4,1.5,1.3221
ICG-Field-11,2020,49,0,12,-87.731235,40.2376525,110.9,1.98,1.337
ICG-Field-11,2020,52,0,12,-87.731354,40.237832,126.1,1.97,1.3763
ICG-Field-11,2020,31,0,12,-87.731477,40.2382817,148.6,1.36,1.3838
ICG-Field-11,2020,37,0,12,-87.7316,40.2388214,120.4,1.62,1.3905
ICG-Field-11,2020,8,0,12,-87.732191,40.239088,104.8,1.9,1.3188
ICG-Field-11,2020,25,0,12,-87.732427,40.2391766,117.6,1.79,1.3861
ICG-Field-11,2020,34,0,12,-87.731842,40.2394506,93,2.43,1.3885
ICG-Field-11,2020,57,0,12,-87.72866,40.2387499,99.6,1.58,1.3823
ICG-Field-11,2020,18,0,12,-87.72937,40.2391959,135.7,1.73,1.3271
ICG-Field-11,2020,14,0,12,-87.729373,40.2394662,92.2,1.8,1.3271
ICG-Field-11,2020,21,0,12,-87.730435,40.2398198,81.2,2.26,1.3881
ICG-Field-11,2020,19,0,12,-87.730322,40.2401809,191,2.56,1.3512
ICG-Field-11,2020,53,0,12,-87.729383,40.240367,121.9,1.52,1.3098
ICG-Field-11,2020,26,0,12,-87.729272,40.2409984,156.5,1.26,1.4025
ICG-Field-11,2020,30,0,12,-87.73092,40.2411682,218.8,2,1.3067
ICG-Field-11,2020,2,0,12,-87.731272,40.2410758,141.9,2.09,1.3621
ICG-Field-11,2020,45,0,12,-87.731504,40.2408041,167.3,2.35,1.3357
ICG-Field-13,2020,78,0,12,-88.028542,39.3711141,259.5,0.93,1.397
ICG-Field-13,2020,13,0,12,-88.030059,39.3716414,321.8,1.21,1.3851
ICG-Field-13,2020,81,0,12,-88.030176,39.3717304,322.3,1.23,1.4083
ICG-Field-13,2020,17,0,12,-88.030863,39.3710936,341.6,0.84,1.4273
ICG-Field-13,2020,41,0,12,-88.03133,39.3712697,315.2,1.16,1.415
ICG-Field-13,2020,3,0,12,-88.03168,39.3713567,292.2,1.18,1.4225
ICG-Field-13,2020,4,0,12,-88.0318,39.3716259,293.7,1.34,1.3766
ICG-Field-13,2020,82,0,12,-88.032376,39.3713505,292.7,1.19,1.3726
ICG-Field-13,2020,50,0,12,-88.03307,39.3711641,331,1.16,1.4459
ICG-Field-13,2020,77,0,12,-88.033536,39.3712501,285.3,0.99,1.3706
ICG-Field-13,2020,10,0,12,-88.035036,39.3785353,257.2,0.85,1.4638
ICG-Field-13,2020,5,0,12,-88.033769,39.3713381,330.2,0.99,1.3706
ICG-Field-13,2020,39,0,12,-88.03482,39.3717793,309.7,1.28,1.2886
ICG-Field-13,2020,59,0,12,-88.035522,39.3721335,376.8,1.05,1.393
ICG-Field-13,2020,15,0,12,-88.03471,39.3721407,281,1,1.3926
ICG-Field-13,2020,29,0,12,-88.033425,39.3716115,340.8,1.59,1.397
ICG-Field-13,2020,58,0,12,-88.031107,39.3719024,212.2,1.58,1.3665
ICG-Field-13,2020,28,0,12,-88.030997,39.3722638,267.5,1.69,1.4638
ICG-Field-13,2020,67,0,12,-88.029145,39.3726406,254.4,1.37,1.4593
ICG-Field-13,2020,48,0,12,-88.031115,39.3724429,299.2,1.48,1.4358
ICG-Field-13,2020,32,0,12,-88.031812,39.3724368,252.3,1.58,1.4638
ICG-Field-13,2020,52,0,12,-88.033794,39.3730499,345.6,0.74,1.4402
ICG-Field-13,2020,76,0,12,-88.035306,39.3732167,290.2,0.91,1.3706
ICG-Field-13,2020,1,0,12,-88.034854,39.3740316,269.8,1.05,1.3476
ICG-Field-13,2020,16,0,12,-88.03323,39.3741362,378.8,0.72,1.4171
ICG-Field-13,2020,69,0,12,-88.031836,39.3740584,312,0.71,1.4171
ICG-Field-13,2020,53,0,12,-88.031239,39.3729825,242.2,1.37,1.4638
ICG-Field-13,2020,44,0,12,-88.029621,39.3734473,273,1.82,1.3971
ICG-Field-13,2020,49,0,12,-88.029973,39.3737145,296.3,1.29,1.3585
ICG-Field-13,2020,64,0,12,-88.030554,39.3737094,266.6,1.02,1.4119
ICG-Field-13,2020,21,0,12,-88.030912,39.374427,335.5,0.78,1.4171
ICG-Field-13,2020,75,0,12,-88.030567,39.3746103,262.4,0.84,1.4171
ICG-Field-13,2020,24,0,12,-88.030691,39.3751498,317.4,0.73,1.4171
ICG-Field-13,2020,20,0,12,-88.032427,39.374774,240.2,0.91,1.4413
ICG-Field-13,2020,62,0,12,-88.034866,39.3748425,317.8,0.88,1.4638
ICG-Field-13,2020,8,0,12,-88.035449,39.3750175,279.2,1.09,1.3193
ICG-Field-13,2020,34,0,12,-88.033716,39.3755735,246.5,0.85,1.4376
ICG-Field-13,2020,61,0,12,-88.03256,39.3759442,239.7,1.01,1.4535
ICG-Field-13,2020,60,0,12,-88.032212,39.3759473,275.7,0.99,1.419
ICG-Field-13,2020,31,0,12,-88.031294,39.3766763,322.9,1.1,1.4293
ICG-Field-13,2020,36,0,12,-88.032105,39.376579,261,0.81,1.3949
ICG-Field-13,2020,80,0,12,-88.032567,39.3763947,243.4,0.89,1.3802
ICG-Field-13,2020,54,0,12,-88.033144,39.3762093,270.4,0.87,1.4303
ICG-Field-13,2020,72,0,12,-88.03372,39.3758438,257.3,0.9,1.4532
ICG-Field-13,2020,18,0,12,-88.034077,39.3764714,322.4,0.98,1.3876
ICG-Field-13,2020,9,0,12,-88.033156,39.3770202,299.4,0.88,1.3585
ICG-Field-13,2020,66,0,12,-88.035014,39.3770037,370.8,0.85,1.379
ICG-Field-13,2020,2,0,12,-88.035365,39.3771808,243.7,0.93,1.448
ICG-Field-13,2020,73,0,12,-88.035024,39.3777244,375.7,0.76,1.433
ICG-Field-13,2020,42,0,12,-88.034098,39.3779129,220.6,0.87,1.3393
ICG-Field-13,2020,65,0,12,-88.034915,39.3781759,361.9,0.89,1.4136
ICG-Field-13,2020,7,0,12,-88.035385,39.3785322,244.2,0.77,1.4638
ICG-Field-13,2020,47,0,12,-88.033677,39.3808,389.7,1.19,1.4171
ICG-Field-13,2020,56,0,12,-88.032159,39.3802728,225.5,0.91,1.4638
ICG-Field-13,2020,27,0,12,-88.031791,39.3789245,318.2,0.83,1.367
ICG-Field-13,2020,35,0,12,-88.031091,39.3786604,213.7,0.84,1.3753
ICG-Field-13,2020,25,0,12,-88.030866,39.379203,170.8,0.9,1.4638
ICG-Field-13,2020,57,0,12,-88.029492,39.3804766,238.9,0.98,1.4445
ICG-Field-13,2020,63,0,12,-88.029371,39.3801173,285.4,0.98,1.4638
ICG-Field-13,2020,55,0,12,-88.028096,39.3803088,262.8,0.8,1.4075
ICG-Field-13,2020,14,0,12,-88.027055,39.3805883,254.4,1.04,1.3324
ICG-Field-13,2020,12,0,12,-88.028782,39.3795819,301.4,0.81,1.3727
ICG-Field-13,2020,22,0,12,-88.028774,39.3790413,274.4,0.78,1.3711
ICG-Field-13,2020,51,0,12,-88.027831,39.3780585,298.1,0.79,1.346
ICG-Field-13,2020,37,0,12,-88.027131,39.3777944,232.7,1.03,1.3413
ICG-Field-13,2020,43,0,12,-88.027239,39.3772528,277.6,1.05,1.3722
ICG-Field-13,2020,30,0,12,-88.029564,39.3775025,279.1,0.83,1.3769
ICG-Field-13,2020,79,0,12,-88.030376,39.3774053,255.6,0.93,1.379
ICG-Field-13,2020,46,0,12,-88.029778,39.3762392,352.9,0.84,1.405
ICG-Field-13,2020,70,0,12,-88.028851,39.3763375,269,1.2,1.4351
ICG-Field-13,2020,33,0,12,-88.027927,39.3767061,324.9,1.2,1.3878
ICG-Field-13,2020,74,0,12,-88.028615,39.3760693,248.4,0.98,1.4313
ICG-Field-13,2020,40,0,12,-88.029538,39.3757007,277.7,1.02,1.4313
ICG-Field-13,2020,26,0,12,-88.0293,39.3753424,315.2,1.03,1.4313
ICG-Field-13,2020,11,0,12,-88.028715,39.3749871,249.9,0.88,1.379
ICG-Field-13,2020,68,0,12,-88.028022,39.3752636,264.7,0.96,1.4313
ICG-Field-13,2020,19,0,12,-88.027558,39.3752677,252.3,0.98,1.378
ICG-Field-13,2020,23,0,12,-88.026966,39.3744619,322.3,0.87,1.4313
ICG-Field-13,2020,45,0,12,-88.027187,39.3737391,249.6,1.21,1.379
ICG-Field-13,2020,71,0,12,-88.02695,39.3733808,280.4,1.29,1.4313
ICG-Field-13,2020,38,0,12,-88.027178,39.3731085,250.3,1.09,1.4313
ICG-Field-13,2020,6,0,12,-88.027992,39.3731914,277.6,1.59,1.4484
ICG-Field-14,2020,13,0,12,-88.092593,39.3483546,282.6,0.82,1.3712
ICG-Field-14,2020,19,0,12,-88.092831,39.3487128,373.4,0.54,1.3641
ICG-Field-14,2020,3,0,12,-88.091678,39.3491741,320.3,0.32,1.3949
ICG-Field-14,2020,14,0,12,-88.091796,39.3493532,324.6,0.56,1.3949
ICG-Field-14,2020,20,0,12,-88.091116,39.3503507,359.2,0.28,1.3712
ICG-Field-14,2020,28,0,12,-88.091123,39.3508012,294.8,0.43,1.3712
ICG-Field-14,2020,2,0,12,-88.091236,39.3506199,327.6,0.31,1.3712
ICG-Field-14,2020,7,0,12,-88.091932,39.3506134,421.3,0.32,1.388
ICG-Field-14,2020,23,0,12,-88.092152,39.3498004,417.1,0.53,1.3836
ICG-Field-14,2020,31,0,12,-88.092953,39.349072,403,0.4,1.3712
ICG-Field-14,2020,29,0,12,-88.093304,39.3492489,308.8,0.44,1.3712
ICG-Field-14,2020,11,0,12,-88.093653,39.3493358,323.7,0.45,1.36
ICG-Field-14,2020,18,0,12,-88.09378,39.3500554,312,0.58,1.5159
ICG-Field-14,2020,25,0,12,-88.093899,39.3502345,370.1,0.44,1.5159
ICG-Field-14,2020,1,0,12,-88.094026,39.3509541,355.1,0.33,1.4272
ICG-Field-14,2020,17,0,12,-88.09426,39.3510421,353.5,0.34,1.4272
ICG-Field-14,2020,24,0,12,-88.095041,39.3490524,310.3,0.45,1.4707
ICG-Field-14,2020,30,0,12,-88.097264,39.3502028,317.1,0.72,1.3127
ICG-Field-14,2020,27,0,12,-88.097498,39.3502907,444.9,0.4,1.2968
ICG-Field-14,2020,4,0,12,-88.097035,39.3503852,385.6,0.67,1.3017
ICG-Field-14,2020,21,0,12,-88.097049,39.3512861,240.9,0.77,1.2879
ICG-Field-14,2020,22,0,12,-88.096262,39.3529154,296.7,0.63,1.4078
ICG-Field-14,2020,8,0,12,-88.096057,39.3546293,390.6,0.81,1.2954
ICG-Field-14,2020,10,0,12,-88.096958,39.3529088,478.1,0.93,1.4078
ICG-Field-14,2020,12,0,12,-88.097522,39.3518223,366.8,1.17,1.2982
ICG-Field-14,2020,6,0,12,-88.097625,39.3510104,335.9,0.79,1.2968
ICG-Field-14,2020,16,0,12,-88.097621,39.3507401,366.3,0.69,1.2882
ICG-Field-14,2020,9,0,12,-88.09946,39.3496415,335.9,0.31,1.3919
ICG-Field-14,2020,15,0,12,-88.100724,39.3488186,225.4,0.94,1.2825
ICG-Field-14,2020,32,0,12,-88.101187,39.3487241,368,0.43,1.2841
ICG-Field-14,2020,5,0,12,-88.101771,39.3489889,316.3,0.71,1.451
ICG-Field-14,2020,26,0,12,-88.101872,39.3479968,335.1,0.45,1.507
ICG-Field-14,2020,14,0,12,-87.778565,40.3866982,191.6,1.1,1.4832
ICG-Field-14,2020,11,0,12,-87.77819,40.3848088,153.9,1.76,1.4832
ICG-Field-14,2020,26,0,12,-87.777356,40.3840036,155.4,1.79,1.4832
ICG-Field-14,2020,6,0,12,-87.777249,40.3849052,164.3,2.45,1.4832
ICG-Field-14,2020,7,0,12,-87.777255,40.3854457,204,1.4,1.4832
ICG-Field-14,2020,4,0,12,-87.777617,40.386164,172.5,1.54,1.4832
ICG-Field-14,2020,31,0,12,-87.777618,40.3862541,186.7,1.35,1.4832
ICG-Field-14,2020,9,0,12,-87.776794,40.3863497,149.9,1.38,1.4832
ICG-Field-14,2020,29,0,12,-87.776075,40.3852735,158.6,1.52,1.4832
ICG-Field-14,2020,3,0,12,-87.776181,40.3842818,161.8,1.44,1.4832
ICG-Field-14,2020,12,0,12,-87.774766,40.3842012,154.6,1.24,1.4832
ICG-Field-14,2020,20,0,12,-87.774065,40.3846563,140,2.09,1.4832
ICG-Field-14,2020,22,0,12,-87.774544,40.3853738,175.6,1.57,1.4832
ICG-Field-14,2020,28,0,12,-87.774665,40.3856433,184.5,1.68,1.4832
ICG-Field-14,2020,16,0,12,-87.774315,40.3859159,145.1,2.3,1.4832
ICG-Field-14,2020,30,0,12,-87.773599,40.3851099,185.8,2.26,1.4832
ICG-Field-14,2020,32,0,12,-87.772422,40.3852079,171.8,2.24,1.4832
ICG-Field-14,2020,18,0,12,-87.772305,40.3852987,166.4,2.43,1.4832
ICG-Field-14,2020,27,0,12,-87.772196,40.3861103,169.7,1.55,1.4832
ICG-Field-14,2020,8,0,12,-87.771366,40.3855753,136.2,1.64,1.4832
ICG-Field-14,2020,25,0,12,-87.771715,40.3852126,184.4,1.23,1.4832
ICG-Field-14,2020,5,0,12,-87.771356,40.3847645,190.1,1.45,1.4832
ICG-Field-14,2020,19,0,12,-87.771353,40.3844943,184.7,1.36,1.4832
ICG-Field-14,2020,2,0,12,-87.770292,40.3844112,171.6,1.38,1.4832
ICG-Field-14,2020,13,0,12,-87.770535,40.3850403,178.6,1.48,1.4832
ICG-Field-14,2020,17,0,12,-87.770193,40.3860335,179,1.33,1.4832
ICG-Field-14,2020,15,0,12,-87.770078,40.3863046,170.9,2.25,1.4832
ICG-Field-14,2020,10,0,12,-87.772085,40.3866516,138.9,1.48,1.4832
ICG-Field-14,2020,24,0,12,-87.775737,40.3866271,174.6,1.95,1.4832
ICG-Field-14,2020,23,0,12,-87.776798,40.3867101,198.3,1.27,1.4832
ICG-Field-14,2020,21,0,12,-87.777035,40.3867986,169.3,1.18,1.4832
ICG-Field-14,2020,1,0,12,-87.777386,40.386616,172.5,1.65,1.4832
ICG-Field-17,2020,29,0,12,-88.127821,39.3517735,266.2,1.01,1.4638
ICG-Field-17,2020,11,0,12,-88.127402,39.3473624,315.1,0.6,1.4171
ICG-Field-17,2020,8,0,12,-88.127407,39.3477228,295.5,0.65,1.4171
ICG-Field-17,2020,19,0,12,-88.126718,39.34818,271.3,0.71,1.4171
ICG-Field-17,2020,17,0,12,-88.129275,39.3484255,290.9,0.73,1.3706
ICG-Field-17,2020,26,0,12,-88.1287,39.3487014,274.5,0.61,1.4171
ICG-Field-17,2020,32,0,12,-88.128353,39.3487949,369.6,0.71,1.4171
ICG-Field-17,2020,30,0,12,-88.128473,39.349064,276.6,0.71,1.4171
ICG-Field-17,2020,28,0,12,-88.127316,39.3492555,357.5,0.68,1.4171
ICG-Field-17,2020,23,0,12,-88.127088,39.349528,273.1,0.84,1.4171
ICG-Field-17,2020,1,0,12,-88.128024,39.3499694,235.6,0.93,1.3706
ICG-Field-17,2020,20,0,12,-88.128849,39.3507724,304.9,0.79,1.4385
ICG-Field-17,2020,13,0,12,-88.129081,39.3507701,370.5,0.78,1.4171
ICG-Field-17,2020,3,0,12,-88.128161,39.3513197,313.5,1.01,1.4336
ICG-Field-17,2020,9,0,12,-88.128173,39.3520404,341.7,0.96,1.4013
ICG-Field-17,2020,18,0,12,-88.127242,39.3518692,293,0.97,1.4339
ICG-Field-17,2020,31,0,12,-88.127011,39.3519615,276.9,1.36,1.4284
ICG-Field-17,2020,25,0,12,-88.126766,39.351153,266.3,0.6,1.3706
ICG-Field-17,2020,12,0,12,-88.12769,39.3508737,269.9,0.81,1.3706
ICG-Field-17,2020,16,0,12,-88.126981,39.3500696,293.7,0.89,1.3706
ICG-Field-17,2020,27,0,12,-88.126976,39.3497994,269.4,0.79,1.3706
ICG-Field-17,2020,10,0,12,-88.126859,39.3497104,262.9,0.72,1.4171
ICG-Field-17,2020,15,0,12,-88.126625,39.3496226,434.4,0.64,1.4171
ICG-Field-17,2020,4,0,12,-88.12616,39.349537,289.3,0.67,1.3712
ICG-Field-17,2020,6,0,12,-88.125951,39.3509807,317.2,0.69,1.3706
ICG-Field-17,2020,24,0,12,-88.126081,39.3518804,281.5,1,1.3841
ICG-Field-17,2020,5,0,12,-88.125501,39.3518861,208.7,1.21,1.4228
ICG-Field-17,2020,2,0,12,-88.12399,39.3517205,329.9,0.56,1.4171
ICG-Field-17,2020,7,0,12,-88.125256,39.3510775,272,0.59,1.3712
ICG-Field-17,2020,14,0,12,-88.125248,39.3505369,284.6,0.63,1.3428
ICG-Field-17,2020,22,0,12,-88.124998,39.3494581,331.7,1,1.4131
ICG-Field-17,2020,21,0,12,-88.124872,39.3488286,320.7,0.66,1.4171
ICG-Field-20,2020,28,0,12,-88.131085,39.3755525,372.6,0.88,1.2537
ICG-Field-20,2020,34,0,12,-88.131552,39.3757281,375,0.74,1.2575
ICG-Field-20,2020,14,0,12,-88.132714,39.3758069,231.6,1.08,1.2597
ICG-Field-20,2020,30,0,12,-88.134564,39.3753384,375.8,0.41,1.3617
ICG-Field-20,2020,12,0,12,-88.133281,39.3749905,321.7,0.45,1.3759
ICG-Field-20,2020,31,0,12,-88.132589,39.3752675,412.4,0.81,1.373
ICG-Field-20,2020,52,0,12,-88.132003,39.3749128,276.9,0.49,1.4602
ICG-Field-20,2020,25,0,12,-88.131652,39.374736,271.7,0.42,1.3712
ICG-Field-20,2020,36,0,12,-88.133154,39.3742709,386,0.47,1.4062
ICG-Field-20,2020,2,0,12,-88.13326,39.3736391,258.2,0.49,1.383
ICG-Field-20,2020,19,0,12,-88.132553,39.3730153,255.3,0.74,1.4074
ICG-Field-20,2020,38,0,12,-88.13105,39.3733903,318,0.55,1.4322
ICG-Field-20,2020,17,0,12,-88.131043,39.3729398,271.6,0.58,1.4004
ICG-Field-20,2020,43,0,12,-88.130113,39.3728588,324.7,0.61,1.356
ICG-Field-20,2020,51,0,12,-88.128826,39.3722405,299.5,1.2,1.2886
ICG-Field-20,2020,8,0,12,-88.128585,39.3717022,331.6,1.08,1.2886
ICG-Field-20,2020,47,0,12,-88.128573,39.3709815,207.3,0.91,1.2886
ICG-Field-20,2020,42,0,12,-88.128334,39.3705333,281.5,1.12,1.2886
ICG-Field-20,2020,22,0,12,-88.129246,39.3695333,302.9,0.99,1.4267
ICG-Field-20,2020,15,0,12,-88.132728,39.3694995,307.4,0.78,1.3706
ICG-Field-20,2020,16,0,12,-88.134237,39.3694848,277,0.75,1.3706
ICG-Field-20,2020,35,0,12,-88.131334,39.3694229,309.6,1.09,1.2886
ICG-Field-20,2020,6,0,12,-88.130636,39.3693396,340.7,0.91,1.3694
ICG-Field-20,2020,5,0,12,-88.129573,39.3681786,290.8,1,1.3928
ICG-Field-20,2020,10,0,12,-88.12911,39.3682732,239.4,1.22,1.2886
ICG-Field-20,2020,56,0,12,-88.129338,39.3680007,308.3,1.19,1.3782
ICG-Field-20,2020,40,0,12,-88.129336,39.3679106,277.3,1.16,1.3782
ICG-Field-20,2020,49,0,12,-88.12933,39.3675502,262.1,1.22,1.2886
ICG-Field-20,2020,32,0,12,-88.128633,39.3674669,311.8,1.19,1.2886
ICG-Field-20,2020,54,0,12,-88.128171,39.3676516,228.4,1.14,1.4185
ICG-Field-20,2020,45,0,12,-88.12817,39.3675615,299.8,1.05,1.4185
ICG-Field-20,2020,33,0,12,-88.127588,39.367477,273.7,0.65,1.4242
ICG-Field-20,2020,23,0,12,-88.126081,39.3675817,287.8,0.77,1.4126
ICG-Field-20,2020,13,0,12,-88.126086,39.3679421,331,0.81,1.3875
ICG-Field-20,2020,48,0,12,-88.126548,39.3677574,270.4,0.56,1.4281
ICG-Field-20,2020,27,0,12,-88.127373,39.3685603,281,0.71,1.4252
ICG-Field-20,2020,55,0,12,-88.128183,39.3683723,200.1,1.24,1.2886
ICG-Field-20,2020,18,0,12,-88.128306,39.3688216,234.3,1.32,1.2886
ICG-Field-20,2020,39,0,12,-88.126687,39.3691977,297.6,0.79,1.4171
ICG-Field-20,2020,4,0,12,-88.126355,39.3701921,369.2,0.6,1.3733
ICG-Field-20,2020,26,0,12,-88.126154,39.3721763,250.6,1.02,1.4074
ICG-Field-20,2020,20,0,12,-88.128493,39.3732349,366.1,0.88,1.2886
ICG-Field-20,2020,53,0,12,-88.128268,39.3736876,350,0.56,1.3497
ICG-Field-20,2020,3,0,12,-88.128154,39.3737788,243.5,0.58,1.3497
ICG-Field-20,2020,37,0,12,-88.127689,39.3737833,312.9,0.71,1.2886
ICG-Field-20,2020,41,0,12,-88.127121,39.3745097,329.3,0.76,1.3712
ICG-Field-20,2020,24,0,12,-88.127813,39.3742327,324.5,0.48,1.3696
ICG-Field-20,2020,7,0,12,-88.12793,39.3743216,352.3,0.56,1.3696
ICG-Field-20,2020,1,0,12,-88.128284,39.3746786,259.7,0.83,1.2503
ICG-Field-20,2020,21,0,12,-88.129906,39.3744827,368.9,0.63,1.4074
ICG-Field-20,2020,11,0,12,-88.13014,39.3745705,245.8,0.55,1.4074
ICG-Field-20,2020,29,0,12,-88.129912,39.374843,493.4,0.47,1.4069
ICG-Field-20,2020,50,0,12,-88.128528,39.3753971,327.5,0.56,1.4074
ICG-Field-20,2020,9,0,12,-88.127604,39.3756763,281.9,0.44,1.2574
ICG-Field-20,2020,44,0,12,-88.127485,39.3754973,321.7,0.4,1.4074
ICG-Field-20,2020,46,0,12,-88.126092,39.3755108,257.7,1.09,1.2676
ICG-Field-23,2020,20,0,12,-88.061063,39.4343296,251.7,0.73,1.4293
ICG-Field-21,2020,25,0,12,-88.110157,39.3613664,290.2,0.75,1.4171
ICG-Field-21,2020,32,0,12,-88.110036,39.3610071,263.5,0.63,1.4171
ICG-Field-21,2020,15,0,12,-88.110027,39.3604666,273.6,0.56,1.4171
ICG-Field-21,2020,30,0,12,-88.110837,39.3602786,290.6,0.57,1.4171
ICG-Field-21,2020,29,0,12,-88.110602,39.3601007,269.5,0.6,1.4171
ICG-Field-21,2020,10,0,12,-88.111062,39.3598259,435.4,0.58,1.4171
ICG-Field-21,2020,3,0,12,-88.110822,39.3593777,354.2,0.62,1.4171
ICG-Field-21,2020,9,0,12,-88.110355,39.359202,246.7,0.72,1.4171
ICG-Field-21,2020,5,0,12,-88.110348,39.3587515,347.1,0.51,1.4171
ICG-Field-21,2020,18,0,12,-88.109863,39.3574046,383,0.69,1.4171
ICG-Field-21,2020,24,0,12,-88.110785,39.3570353,350.6,0.59,1.4171
ICG-Field-21,2020,20,0,12,-88.110314,39.3565893,303.4,0.61,1.4171
ICG-Field-21,2020,6,0,12,-88.111343,39.3555883,256,0.65,1.4171
ICG-Field-21,2020,23,0,12,-88.110407,39.3551468,243.6,0.5,1.4171
ICG-Field-21,2020,4,0,12,-88.110066,39.3556005,366.4,0.7,1.4171
ICG-Field-21,2020,11,0,12,-88.109027,39.3559709,316.4,0.59,1.4171
ICG-Field-21,2020,26,0,12,-88.108208,39.3555281,357.7,0.52,1.4171
ICG-Field-21,2020,31,0,12,-88.107864,39.3558017,245.9,0.5,1.4171
ICG-Field-21,2020,28,0,12,-88.107645,39.3566148,345.1,0.53,1.4171
ICG-Field-21,2020,12,0,12,-88.107999,39.3569718,305.2,0.42,1.4171
ICG-Field-21,2020,7,0,12,-88.109279,39.3572299,407,0.45,1.4171
ICG-Field-21,2020,22,0,12,-88.107563,39.358778,441.6,0.61,1.4171
ICG-Field-21,2020,1,0,12,-88.107457,39.3594098,376.6,0.69,1.4171
ICG-Field-21,2020,8,0,12,-88.107924,39.3595856,337.2,0.59,1.4171
ICG-Field-21,2020,19,0,12,-88.108149,39.3591329,253.7,0.61,1.4171
ICG-Field-21,2020,2,0,12,-88.108498,39.3592197,465.2,0.58,1.4171
ICG-Field-21,2020,16,0,12,-88.109901,39.359837,419.3,0.7,1.4171
ICG-Field-21,2020,14,0,12,-88.109669,39.3598392,332.1,0.74,1.4171
ICG-Field-21,2020,27,0,12,-88.108861,39.3601173,364.6,0.69,1.4171
ICG-Field-21,2020,13,0,12,-88.108278,39.3599426,285.7,0.76,1.3706
ICG-Field-21,2020,21,0,12,-88.107599,39.3610303,376.2,0.61,1.4171
ICG-Field-21,2020,17,0,12,-88.109339,39.3610137,299.8,0.74,1.4171
ICG-Field-22,2020,30,0,12,-88.062969,39.429807,272.8,1.29,1.4582
ICG-Field-22,2020,7,0,12,-88.062142,39.4289135,243.7,1.36,1.3737
ICG-Field-22,2020,27,0,12,-88.060864,39.4289251,229.2,2.1,1.3737
ICG-Field-22,2020,25,0,12,-88.059587,39.4289368,265.7,0.74,1.3737
ICG-Field-22,2020,15,0,12,-88.060176,39.429472,304.9,1.06,1.4562
ICG-Field-22,2020,19,0,12,-88.061567,39.4292791,261.3,0.66,1.4387
ICG-Field-22,2020,10,0,12,-88.060875,39.4296459,253.6,1.84,1.3737
ICG-Field-22,2020,16,0,12,-88.060299,39.4299214,339.3,1.32,1.3737
ICG-Field-22,2020,26,0,12,-88.061466,39.4302712,292,0.72,1.4328
ICG-Field-22,2020,14,0,12,-88.062048,39.430356,312.4,0.68,1.4443
ICG-Field-22,2020,9,0,12,-88.062408,39.4310735,351.6,0.83,1.4323
ICG-Field-22,2020,31,0,12,-88.061587,39.4306305,322.9,1.18,1.4214
ICG-Field-22,2020,4,0,12,-88.061121,39.4305447,308.9,0.98,1.4353
ICG-Field-22,2020,23,0,12,-88.059837,39.4301059,261.3,1.03,1.3737
ICG-Field-22,2020,12,0,12,-88.060543,39.4307301,325.5,0.72,1.4783
ICG-Field-22,2020,3,0,12,-88.061597,39.4312612,249.7,0.7,1.4394
ICG-Field-22,2020,17,0,12,-88.061946,39.431258,245.1,0.8,1.437
ICG-Field-22,2020,21,0,12,-88.062529,39.4314329,255.9,1.02,1.422
ICG-Field-22,2020,13,0,12,-88.063001,39.4318791,308.9,1.15,1.4164
ICG-Field-22,2020,18,0,12,-88.06277,39.4319713,294.5,0.61,1.4431
ICG-Field-22,2020,11,0,12,-88.062781,39.432692,283.9,0.82,1.4293
ICG-Field-22,2020,24,0,12,-88.062075,39.4321578,255.2,0.72,1.4235
ICG-Field-22,2020,22,0,12,-88.061136,39.4315357,229,0.76,1.4634
ICG-Field-22,2020,2,0,12,-88.060202,39.4311838,227,1.63,1.3737
ICG-Field-22,2020,1,0,12,-88.06056,39.4318112,259.7,1.14,1.4685
ICG-Field-22,2020,28,0,12,-88.060796,39.4320794,198.1,1.99,1.4713
ICG-Field-22,2020,32,0,12,-88.060333,39.4321737,288.9,0.76,1.4713
ICG-Field-22,2020,5,0,12,-88.060338,39.4325341,308.5,0.63,1.4787
ICG-Field-22,2020,6,0,12,-88.060572,39.4326221,261.7,0.72,1.4447
ICG-Field-22,2020,29,0,12,-88.061039,39.432798,335.7,0.53,1.4361
ICG-Field-22,2020,8,0,12,-88.059647,39.4329008,275.4,1.42,1.4168
ICG-Field-19,2020,30,0,12,-88.139109,39.3624078,183.7,0.69,1.4042
ICG-Field-19,2020,29,0,12,-88.138526,39.3622333,286.6,1.17,1.4452
ICG-Field-19,2020,31,0,12,-88.137481,39.3622435,366.3,0.68,1.3706
ICG-Field-19,2020,25,0,12,-88.136088,39.3622571,359.6,1,1.4491
ICG-Field-19,2020,19,0,12,-88.135984,39.362979,331.1,0.96,1.4376
ICG-Field-19,2020,14,0,12,-88.136913,39.3629699,284.3,1.55,1.4638
ICG-Field-19,2020,6,0,12,-88.137961,39.36323,311.7,0.85,1.4445
ICG-Field-19,2020,16,0,12,-88.13739,39.3637762,377,0.74,1.3706
ICG-Field-19,2020,7,0,12,-88.136918,39.3633303,254.9,1.27,1.4204
ICG-Field-19,2020,27,0,12,-88.136232,39.3639677,319.2,0.54,1.3677
ICG-Field-19,2020,4,0,12,-88.135778,39.3646029,427.3,0.54,1.3905
ICG-Field-19,2020,26,0,12,-88.137175,39.3648595,323.4,1.05,1.3706
ICG-Field-19,2020,28,0,12,-88.137989,39.3649417,339,0.78,1.4067
ICG-Field-19,2020,23,0,12,-88.138102,39.3647604,333.8,0.64,1.3991
ICG-Field-19,2020,3,0,12,-88.138339,39.3650284,291.7,0.89,1.2886
ICG-Field-19,2020,18,0,12,-88.13811,39.3652108,366,0.74,1.4054
ICG-Field-19,2020,15,0,12,-88.137535,39.3655769,414.7,0.49,1.4116
ICG-Field-19,2020,9,0,12,-88.137299,39.3653089,441,0.57,1.4001
ICG-Field-19,2020,5,0,12,-88.135921,39.3662234,393.7,0.58,1.3894
ICG-Field-19,2020,10,0,12,-88.135587,39.3671277,371.8,0.77,1.3905
ICG-Field-19,2020,8,0,12,-88.13594,39.3673945,357.7,0.84,1.3946
ICG-Field-19,2020,11,0,12,-88.136524,39.3676591,364.7,0.53,1.3712
ICG-Field-19,2020,2,0,12,-88.136652,39.3683787,335.9,0.66,1.4171
ICG-Field-19,2020,20,0,12,-88.137701,39.3686388,351.7,0.48,1.4171
ICG-Field-19,2020,1,0,12,-88.138164,39.3685442,382.8,0.61,1.3712
ICG-Field-19,2020,22,0,12,-88.138499,39.3677299,303.7,0.7,1.3509
ICG-Field-19,2020,17,0,12,-88.138256,39.3671016,430.9,0.67,1.4214
ICG-Field-19,2020,12,0,12,-88.138018,39.3667435,361.1,0.65,1.3933
ICG-Field-19,2020,21,0,12,-88.139391,39.3654686,327.8,0.75,1.2886
ICG-Field-19,2020,32,0,12,-88.138458,39.3652074,310.8,0.73,1.2886
ICG-Field-19,2020,13,0,12,-88.138677,39.3643943,329.1,0.65,1.3949
ICG-Field-19,2020,24,0,12,-88.139012,39.3638319,347.5,0.64,1.4171
ICG-Field-18,2020,10,0,12,-88.124693,39.3537334,413.2,0.65,1.3706
ICG-Field-18,2020,17,0,12,-88.12713,39.3537099,270.3,0.64,1.3706
ICG-Field-18,2020,9,0,12,-88.128411,39.3539678,407.8,0.64,1.4171
ICG-Field-18,2020,14,0,12,-88.127958,39.354693,328.4,0.66,1.3706
ICG-Field-18,2020,11,0,12,-88.1282,39.3553214,298.8,0.58,1.4171
ICG-Field-18,2020,16,0,12,-88.127754,39.3564069,299.6,0.66,1.4173
ICG-Field-18,2020,28,0,12,-88.127536,39.3573101,327.8,0.67,1.3987
ICG-Field-18,2020,18,0,12,-88.129278,39.3573833,351.7,0.72,1.4171
ICG-Field-18,2020,23,0,12,-88.129738,39.3571085,356.4,0.63,1.4553
ICG-Field-18,2020,1,0,12,-88.129271,39.3569329,304.2,0.6,1.4171
ICG-Field-18,2020,22,0,12,-88.12891,39.3561254,304.9,1.27,1.4171
ICG-Field-18,2020,12,0,12,-88.128556,39.3557684,352.3,0.65,1.3706
ICG-Field-18,2020,30,0,12,-88.128666,39.355407,309.5,0.77,1.3706
ICG-Field-18,2020,25,0,12,-88.128778,39.3551356,312.5,0.76,1.3706
ICG-Field-18,2020,8,0,12,-88.129126,39.3551322,395.8,1.02,1.4313
ICG-Field-18,2020,20,0,12,-88.129133,39.3555826,362.3,0.89,1.3706
ICG-Field-18,2020,21,0,12,-88.129023,39.3559441,320.9,0.7,1.4171
ICG-Field-18,2020,4,0,12,-88.130182,39.3558428,288,0.57,1.4171
ICG-Field-18,2020,5,0,12,-88.129706,39.3551265,425.5,1.12,1.4224
ICG-Field-18,2020,29,0,12,-88.129703,39.3549464,302.7,1.2,1.4313
ICG-Field-18,2020,13,0,12,-88.129932,39.3547639,247.2,1.46,1.4313
ICG-Field-18,2020,26,0,12,-88.130276,39.3544903,338.4,1.19,1.4313
ICG-Field-18,2020,6,0,12,-88.129232,39.3545004,353.7,0.7,1.3706
ICG-Field-18,2020,7,0,12,-88.129219,39.3536896,300.5,0.67,1.3706
ICG-Field-18,2020,27,0,12,-88.128868,39.3535128,265.5,0.8,1.3706
ICG-Field-18,2020,31,0,12,-88.129093,39.3530601,349.7,0.91,1.3706
ICG-Field-18,2020,24,0,12,-88.129435,39.3526964,333.8,0.8,1.3706
ICG-Field-18,2020,3,0,12,-88.127113,39.3526288,264.7,1.17,1.4402
ICG-Field-18,2020,15,0,12,-88.127234,39.352988,256.7,1.06,1.443
ICG-Field-18,2020,19,0,12,-88.125611,39.3530938,280.4,0.86,1.3706
ICG-Field-18,2020,2,0,12,-88.123982,39.3528392,382.1,0.63,1.4171
ICG-Field-18,2020,32,0,12,-88.124455,39.3533753,252,0.7,1.3706
ICG-Field-27,2020,9,0,12,-87.769995,40.3803205,207,1.23,1.3686
ICG-Field-27,2020,20,0,12,-87.770002,40.3809511,237.9,1.68,1.3725
ICG-Field-27,2020,4,0,12,-87.77001,40.3815817,142.4,1.11,1.3755
ICG-Field-27,2020,5,0,12,-87.770138,40.3824817,269.5,1.11,1.3561
ICG-Field-27,2020,2,0,12,-87.770258,40.3826611,264.1,1.54,1.3599
ICG-Field-27,2020,15,0,12,-87.77026,40.3828413,243.4,1.62,1.3588
ICG-Field-27,2020,12,0,12,-87.770969,40.3831068,230,1.52,1.373
ICG-Field-27,2020,6,0,12,-87.770844,40.382477,172.6,1.14,1.3719
ICG-Field-27,2020,18,0,12,-87.771077,40.3822052,280.3,1.21,1.3776
ICG-Field-27,2020,7,0,12,-87.770607,40.3822984,264.3,1.3,1.37
ICG-Field-27,2020,14,0,12,-87.770837,40.3818464,241.7,0.91,1.3768
ICG-Field-27,2020,16,0,12,-87.7713,40.3811226,207.6,1.07,1.3567
ICG-Field-27,2020,8,0,12,-87.771456,40.3818861,205.5,1.25,1.3571
ICG-Field-27,2020,3,0,12,-87.771574,40.3823013,279.4,1.14,1.3705
ICG-Field-27,2020,19,0,12,-87.771789,40.3826509,255.3,1.61,1.3793
ICG-Field-27,2020,21,0,12,-87.772375,40.3823767,268.1,1.36,1.3763
ICG-Field-27,2020,17,0,12,-87.772252,40.3819271,255.4,2.25,1.284
ICG-Field-27,2020,1,0,12,-87.772008,40.381208,204.6,2.41,1.2656
ICG-Field-27,2020,13,0,12,-87.772239,40.380756,261,2.16,1.264
ICG-Field-27,2020,11,0,12,-87.771766,40.3806691,229.2,2.6,1.3628
ICG-Field-27,2020,10,0,12,-87.771057,40.3804936,322.6,1.39,1.2626
ICG-Field-27,2020,22,0,12,-87.771172,40.3802226,319.7,1.23,1.2512
ICG-Field-26,2020,14,0,12,-87.778565,40.3866982,188.4,0.99,1.3212
ICG-Field-26,2020,11,0,12,-87.77819,40.3848088,228,1.96,1.3089
ICG-Field-26,2020,26,0,12,-87.777356,40.3840036,247.9,1.54,1.2596
ICG-Field-26,2020,6,0,12,-87.777249,40.3849052,259.6,2.28,1.2663
ICG-Field-26,2020,7,0,12,-87.777255,40.3854457,245.2,1.75,1.263
ICG-Field-26,2020,4,0,12,-87.777617,40.386164,239.4,1.39,1.2641
ICG-Field-26,2020,31,0,12,-87.777618,40.3862541,231.9,1.48,1.2641
ICG-Field-26,2020,9,0,12,-87.776794,40.3863497,188.1,1.32,1.3656
ICG-Field-26,2020,29,0,12,-87.776075,40.3852735,205.3,1.54,1.2469
ICG-Field-26,2020,3,0,12,-87.776181,40.3842818,225.3,1.47,1.3566
ICG-Field-26,2020,12,0,12,-87.774766,40.3842012,240.5,1.26,1.3652
ICG-Field-26,2020,20,0,12,-87.774065,40.3846563,192.9,2.22,1.2673
ICG-Field-26,2020,22,0,12,-87.774544,40.3853738,265.9,1.41,1.3619
ICG-Field-26,2020,28,0,12,-87.774665,40.3856433,243.1,1.52,1.2802
ICG-Field-26,2020,16,0,12,-87.774315,40.3859159,238.6,2.25,1.2968
ICG-Field-26,2020,30,0,12,-87.773599,40.3851099,242.7,2.3,1.2411
ICG-Field-26,2020,32,0,12,-87.772422,40.3852079,238.3,2.09,1.2542
ICG-Field-26,2020,18,0,12,-87.772305,40.3852987,197.9,2.16,1.3538
ICG-Field-26,2020,27,0,12,-87.772196,40.3861103,251.5,1.44,1.3623
ICG-Field-26,2020,8,0,12,-87.771366,40.3855753,266.1,1.34,1.3672
ICG-Field-26,2020,25,0,12,-87.771715,40.3852126,230.6,1.08,1.3628
ICG-Field-26,2020,5,0,12,-87.771356,40.3847645,293.9,1.42,1.3676
ICG-Field-26,2020,19,0,12,-87.771353,40.3844943,247.7,1.24,1.26
ICG-Field-26,2020,2,0,12,-87.770292,40.3844112,350.9,1.33,1.364
ICG-Field-26,2020,13,0,12,-87.770535,40.3850403,273.7,1.48,1.3565
ICG-Field-26,2020,17,0,12,-87.770193,40.3860335,269,1.04,1.348
ICG-Field-26,2020,15,0,12,-87.770078,40.3863046,314.8,1.89,1.3571
ICG-Field-26,2020,10,0,12,-87.772085,40.3866516,268.3,1.41,1.3641
ICG-Field-26,2020,24,0,12,-87.775737,40.3866271,306.7,1.62,1.3684
ICG-Field-26,2020,23,0,12,-87.776798,40.3867101,346.8,1.07,1.3754
ICG-Field-26,2020,21,0,12,-87.777035,40.3867986,312,1.14,1.3715
ICG-Field-26,2020,1,0,12,-87.777386,40.386616,301.6,1.44,1.2599
ICG-Field-28,2020,5,0,12,-87.788915,40.3653812,130.6,1.78,1.2794
ICG-Field-28,2020,21,0,12,-87.796338,40.3656907,224.9,2.46,1.2987
ICG-Field-28,2020,24,0,12,-87.796582,40.3664097,242.8,2.67,1.2891
ICG-Field-28,2020,27,0,12,-87.796704,40.3667692,234.1,2.53,1.2905
ICG-Field-28,2020,22,0,12,-87.796356,40.3672221,171.8,2.88,1.369
ICG-Field-28,2020,3,0,12,-87.79588,40.3667749,138.2,1.6,1.3653
ICG-Field-28,2020,14,0,12,-87.795526,40.3666872,157.9,1.83,1.3623
ICG-Field-28,2020,12,0,12,-87.792936,40.3667951,215.4,2.06,1.2821
ICG-Field-28,2020,6,0,12,-87.793174,40.3670638,142.9,1.64,1.3874
ICG-Field-28,2020,23,0,12,-87.792943,40.3674257,144.6,2.21,1.3818
ICG-Field-28,2020,17,0,12,-87.79259,40.3674281,210.7,1.95,1.2906
ICG-Field-28,2020,25,0,12,-87.793778,40.3683209,118.8,1.56,1.3902
ICG-Field-28,2020,19,0,12,-87.792952,40.3681464,121.7,2.45,1.3819
ICG-Field-28,2020,15,0,12,-87.791416,40.3677965,151.3,1.81,1.3793
ICG-Field-28,2020,10,0,12,-87.789526,40.3672689,116.2,1.87,1.3433
ICG-Field-28,2020,2,0,12,-87.788813,40.3667332,152.5,1.22,1.3772
ICG-Field-28,2020,28,0,12,-87.788685,40.3659233,147.6,1.52,1.3704
ICG-Field-28,2020,30,0,12,-87.789151,40.3654696,114.2,3.01,1.2794
ICG-Field-28,2020,7,0,12,-87.789276,40.3660994,143.2,1.35,1.3619
ICG-Field-28,2020,13,0,12,-87.789626,40.3657367,145.3,2.39,1.3884
ICG-Field-28,2020,11,0,12,-87.789864,40.3660053,125.5,1.79,1.3774
ICG-Field-28,2020,20,0,12,-87.790455,40.3661815,119.6,1.89,1.3022
ICG-Field-28,2020,8,0,12,-87.790228,40.3669038,125.1,1.41,1.2472
ICG-Field-28,2020,16,0,12,-87.791412,40.3674362,111.8,2.24,1.2753
ICG-Field-28,2020,32,0,12,-87.791404,40.3667155,126,1.69,1.2426
ICG-Field-28,2020,29,0,12,-87.792346,40.3667091,123.5,2.72,1.301
ICG-Field-28,2020,31,0,12,-87.790333,40.3658219,138.1,2.51,1.3791
ICG-Field-28,2020,4,0,12,-87.790449,40.365641,146.1,2.24,1.3791
ICG-Field-28,2020,26,0,12,-87.792335,40.3658082,154.5,2.29,1.2667
ICG-Field-28,2020,1,0,12,-87.792573,40.3659868,107.1,2.74,1.3609
ICG-Field-28,2020,18,0,12,-87.792923,40.3657141,252.5,2.12,1.3714
ICG-Field-28,2020,9,0,12,-87.793746,40.3656184,240.5,2.51,1.2493
ICG-Field-34,2020,21,0,12,-89.907457,38.0187036,360.8,0.63,1.375
ICG-Field-34,2020,13,0,12,-89.906664,38.0188133,311.2,0.64,1.3838
ICG-Field-34,2020,5,0,12,-89.906653,38.0185433,322.7,0.64,1.4168
ICG-Field-34,2020,8,0,12,-89.906511,38.017826,253.3,0.5,1.3854
ICG-Field-34,2020,17,0,12,-89.905712,38.0179002,198,0.57,1.3922
ICG-Field-34,2020,11,0,12,-89.904932,38.0182254,378.6,0.59,1.3961
ICG-Field-34,2020,15,0,12,-89.904701,38.018141,235.9,0.67,1.3961
ICG-Field-34,2020,14,0,12,-89.904484,38.0184167,274.2,0.53,1.4015
ICG-Field-34,2020,3,0,12,-89.904602,38.0185039,196.2,0.47,1.4015
ICG-Field-34,2020,1,0,12,-89.904395,38.0190496,300.2,1.05,1.3982
ICG-Field-34,2020,6,0,12,-89.904043,38.018788,222,0.71,1.407
ICG-Field-34,2020,20,0,12,-89.903379,38.0192549,268,0.44,1.4059
ICG-Field-34,2020,10,0,12,-89.903283,38.0197078,212.1,0.82,1.3964
ICG-Field-34,2020,2,0,12,-89.9034,38.019795,370.6,0.85,1.3967
ICG-Field-34,2020,9,0,12,-89.904029,38.0213112,223.7,0.54,1.3871
ICG-Field-34,2020,18,0,12,-89.904708,38.0212043,194.6,0.51,1.4077
ICG-Field-34,2020,4,0,12,-89.905046,38.0211058,233.1,0.58,1.3922
ICG-Field-34,2020,16,0,12,-89.904865,38.0193984,298.2,0.65,1.392
ICG-Field-34,2020,19,0,12,-89.905668,38.0195587,173.5,0.97,1.3909
ICG-Field-34,2020,7,0,12,-89.905661,38.0193787,299.6,0.69,1.3853
ICG-Field-34,2020,12,0,12,-89.905427,38.0192043,330.5,0.62,1.3935
ICG-Field-34,2020,22,0,12,-89.905857,38.018563,289,0.76,1.4083
ICG-Field-31,2020,11,0,12,-89.931823,38.0334174,264.6,0.75,1.4031
ICG-Field-31,2020,12,0,12,-89.932282,38.033496,272.5,0.84,1.3929
ICG-Field-31,2020,3,0,12,-89.932609,38.0331275,263.3,0.67,1.4089
ICG-Field-31,2020,5,0,12,-89.933061,38.0330261,262.5,0.69,1.4523
ICG-Field-31,2020,22,0,12,-89.933736,38.032829,279.1,0.69,1.3885
ICG-Field-31,2020,8,0,12,-89.933957,38.0326433,278.8,0.77,1.4192
ICG-Field-31,2020,4,0,12,-89.934074,38.0327305,284,0.85,1.4192
ICG-Field-31,2020,7,0,12,-89.934192,38.0328177,298.8,0.85,1.3603
ICG-Field-31,2020,13,0,12,-89.934636,38.0325363,250.1,1.01,1.3622
ICG-Field-31,2020,17,0,12,-89.934497,38.031909,286,0.83,1.411
ICG-Field-31,2020,14,0,12,-89.935173,38.031712,268.4,0.69,1.3943
ICG-Field-31,2020,10,0,12,-89.935628,38.0317006,277.9,0.59,1.3874
ICG-Field-31,2020,18,0,12,-89.935301,38.0320692,299.4,0.63,1.3932
ICG-Field-31,2020,16,0,12,-89.933423,38.0337032,274.5,0.86,1.3822
ICG-Field-31,2020,6,0,12,-89.933051,38.0356392,281.9,0.48,1.3906
ICG-Field-31,2020,21,0,12,-89.932831,38.0358249,283.5,0.51,1.3906
ICG-Field-31,2020,1,0,12,-89.933407,38.0359908,331.6,0.66,1.3944
ICG-Field-31,2020,2,0,12,-89.93424,38.036871,355.9,0.43,1.3995
ICG-Field-31,2020,9,0,12,-89.934595,38.0372225,364.2,0.36,1.4038
ICG-Field-31,2020,19,0,12,-89.935681,38.038727,236.6,0.54,1.3892
ICG-Field-31,2020,20,0,12,-89.935309,38.0385498,380.9,0.43,1.3983
ICG-Field-31,2020,15,0,12,-89.932614,38.0361007,284,0.64,1.3871
ICG-Field-32,2020,1,0,12,-89.922955,38.0151917,291.6,0.97,1.401
ICG-Field-32,2020,2,0,12,-89.926169,38.0158325,386.9,0.85,1.3943
ICG-Field-32,2020,3,0,12,-89.92603,38.0152052,387.7,0.61,1.3864
ICG-Field-32,2020,4,0,12,-89.925565,38.0149465,331,0.9,1.416
ICG-Field-32,2020,5,0,12,-89.926187,38.0147907,352.6,0.7,1.4278
ICG-Field-32,2020,6,0,12,-89.925481,38.0143862,402.1,0.8,1.4307
ICG-Field-32,2020,7,0,12,-89.925415,38.0140493,375.3,0.62,1.4117
ICG-Field-32,2020,8,0,12,-89.924533,38.014792,314.9,0.97,1.4126
ICG-Field-32,2020,9,0,12,-89.923165,38.014736,303.6,0.98,1.4377
ICG-Field-32,2020,10,0,12,-89.923385,38.0145503,340,0.85,1.4354
ICG-Field-32,2020,11,0,12,-89.923378,38.0143703,278.6,0.91,1.3938
ICG-Field-32,2020,12,0,12,-89.923609,38.0144546,294.8,0.62,1.4354
ICG-Field-32,2020,13,0,12,-89.924046,38.0139932,366.9,0.58,1.3843
ICG-Field-32,2020,14,0,12,-89.925952,38.013225,400.3,0.53,1.3965
ICG-Field-32,2020,15,0,12,-89.926403,38.0131237,363.2,0.63,1.3987
ICG-Field-32,2020,16,0,12,-89.925248,38.0127019,342.6,1.04,1.451
ICG-Field-32,2020,17,0,12,-89.925027,38.0128876,302.3,0.67,1.395
ICG-Field-32,2020,18,0,12,-89.925258,38.012972,305.6,0.69,1.395
ICG-Field-32,2020,19,0,12,-89.924792,38.0127133,456.6,0.6,1.3866
ICG-Field-32,2020,20,0,12,-89.924682,38.0128061,317.4,0.58,1.4123
ICG-Field-32,2020,21,0,12,-89.924924,38.0131605,397.3,0.62,1.3977
ICG-Field-32,2020,22,0,12,-89.924818,38.0133433,358.9,0.7,1.3884
ICG-Field-32,2020,23,0,12,-89.924021,38.0133632,335.3,0.8,1.4189
ICG-Field-32,2020,24,0,12,-89.92241,38.0129527,278.2,1.16,1.4213
ICG-Field-32,2020,25,0,12,-89.92037,38.0131837,325,0.96,1.3935
ICG-Field-32,2020,26,0,12,-89.920498,38.0135409,372,0.76,1.3932
ICG-Field-32,2020,27,0,12,-89.92096,38.0137096,377.7,0.64,1.4038
ICG-Field-32,2020,28,0,12,-89.919812,38.0134679,462.3,1.14,1.4082
ICG-Field-32,2020,29,0,12,-89.919819,38.0136479,355.2,0.88,1.401
ICG-Field-32,2020,30,0,12,-89.919829,38.0139179,401.8,0.58,1.395
ICG-Field-32,2020,31,0,12,-89.919737,38.0144608,448.4,0.63,1.3864
ICG-Field-32,2020,32,0,12,-89.921106,38.0145169,402.6,0.83,1.3957
ICG-Field-29,2020,21,0,12,-89.907834,38.029215,230.6,0.78,1.4108
ICG-Field-29,2020,19,0,12,-89.907386,38.0294063,218,1.33,1.4111
ICG-Field-29,2020,9,0,12,-89.907282,38.0296792,242.5,1.17,1.4079
ICG-Field-29,2020,7,0,12,-89.907058,38.0297748,217.7,0.6,1.4062
ICG-Field-29,2020,20,0,12,-89.907517,38.0298536,227.1,0.81,1.4176
ICG-Field-29,2020,17,0,12,-89.90775,38.0301304,245.8,0.99,1.4004
ICG-Field-29,2020,5,0,12,-89.906646,38.0308662,254.1,0.74,1.388
ICG-Field-29,2020,4,0,12,-89.906649,38.0309562,281.5,0.72,1.388
ICG-Field-29,2020,15,0,12,-89.906429,38.0311419,250.4,0.71,1.4406
ICG-Field-29,2020,12,0,12,-89.906088,38.0311503,284.4,0.7,1.4081
ICG-Field-29,2020,16,0,12,-89.905967,38.0309731,244.4,0.93,1.3977
ICG-Field-29,2020,1,0,12,-89.906297,38.0307508,265.4,0.64,1.3948
ICG-Field-29,2020,11,0,12,-89.905729,38.0307149,267.9,0.64,1.4087
ICG-Field-29,2020,13,0,12,-89.904836,38.0311813,252.1,0.59,1.3954
ICG-Field-29,2020,2,0,12,-89.904597,38.0309169,252.7,0.64,1.3922
ICG-Field-29,2020,22,0,12,-89.905366,38.0301771,243.1,0.7,1.3988
ICG-Field-29,2020,6,0,12,-89.905586,38.0299914,267.1,0.77,1.3849
ICG-Field-29,2020,10,0,12,-89.906078,38.0301733,252.4,0.81,1.387
ICG-Field-29,2020,14,0,12,-89.906265,38.0298845,248.2,0.78,1.4005
ICG-Field-29,2020,3,0,12,-89.906376,38.0297917,283.7,0.79,1.4005
ICG-Field-29,2020,18,0,12,-89.905803,38.0297158,237.6,0.77,1.3757
ICG-Field-29,2020,8,0,12,-89.905671,38.0292685,248.7,0.68,1.3819
ICG-Field-30,2020,17,0,12,-89.921433,38.0430425,121,0.59,1.3841
ICG-Field-30,2020,18,0,12,-89.921896,38.0432112,253.2,0.51,1.4619
ICG-Field-30,2020,15,0,12,-89.922131,38.0433856,235,0.52,1.3677
ICG-Field-30,2020,14,0,12,-89.922586,38.0433743,393.1,0.61,1.3699
ICG-Field-30,2020,12,0,12,-89.922347,38.0431099,333.2,0.64,1.3976
ICG-Field-30,2020,1,0,12,-89.92302,38.0428229,217.4,0.71,1.3837
ICG-Field-30,2020,20,0,12,-89.92313,38.04273,168.2,0.78,1.4548
ICG-Field-30,2020,7,0,12,-89.922539,38.0422041,293.5,0.56,1.4199
ICG-Field-30,2020,8,0,12,-89.921735,38.0420439,137.3,0.65,1.4241
ICG-Field-30,2020,4,0,12,-89.921045,38.0418809,170.1,0.64,1.3971
ICG-Field-30,2020,22,0,12,-89.921038,38.0417009,189.2,0.61,1.3971
ICG-Field-30,2020,10,0,12,-89.921031,38.0415208,257.9,0.56,1.4241
ICG-Field-30,2020,21,0,12,-89.921248,38.0412452,258.4,0.44,1.4211
ICG-Field-30,2020,16,0,12,-89.922187,38.0419426,278,0.52,1.4183
ICG-Field-30,2020,3,0,12,-89.923688,38.0424458,210.4,0.69,1.4241
ICG-Field-30,2020,2,0,12,-89.92414,38.0423445,246.8,0.74,1.4241
ICG-Field-30,2020,6,0,12,-89.924243,38.0420716,293.6,0.57,1.3915
ICG-Field-30,2020,11,0,12,-89.924617,38.0428732,296.8,0.8,1.4239
ICG-Field-30,2020,5,0,12,-89.924385,38.0427889,224.5,0.81,1.4239
ICG-Field-30,2020,9,0,12,-89.923934,38.0428902,276.4,1.07,1.4239
ICG-Field-30,2020,13,0,12,-89.923852,38.0437032,312.8,0.59,1.4377
ICG-Field-30,2020,19,0,12,-89.923383,38.0433544,273.5,0.71,1.4216
ICG-Field-33,2020,18,0,12,-89.910585,38.0178602,461.1,0.77,1.3923
ICG-Field-33,2020,24,0,12,-89.912096,38.0186336,449.1,0.53,1.3925
ICG-Field-33,2020,7,0,12,-89.912825,38.0197869,478.3,0.62,1.4107
ICG-Field-33,2020,21,0,12,-89.912598,38.0197925,430.7,0.54,1.3938
ICG-Field-33,2020,15,0,12,-89.912054,38.0204367,373.2,0.82,1.4309
ICG-Field-33,2020,25,0,12,-89.911723,38.0207152,382.6,0.76,1.4372
ICG-Field-33,2020,23,0,12,-89.91093,38.0208249,310.6,0.54,1.4078
ICG-Field-33,2020,12,0,12,-89.910944,38.021185,331.4,0.64,1.453
ICG-Field-33,2020,20,0,12,-89.911417,38.0216238,276.4,0.64,1.4011
ICG-Field-33,2020,17,0,12,-89.91098,38.0220851,314.4,0.63,1.3943
ICG-Field-33,2020,11,0,12,-89.910642,38.0221836,256.9,0.71,1.3989
ICG-Field-33,2020,29,0,12,-89.911336,38.0224367,329.6,0.51,1.411
ICG-Field-33,2020,32,0,12,-89.912072,38.0225674,305.7,0.72,1.3869
ICG-Field-33,2020,22,0,12,-89.913249,38.0218487,354.3,0.71,1.3943
ICG-Field-33,2020,9,0,12,-89.912929,38.0211168,280.2,0.55,1.3632
ICG-Field-33,2020,16,0,12,-89.914689,38.0208218,325.4,0.59,1.4324
ICG-Field-33,2020,26,0,12,-89.91439,38.0219105,291.3,1.04,1.3887
ICG-Field-33,2020,27,0,12,-89.914842,38.0218092,295.6,0.77,1.3957
ICG-Field-33,2020,13,0,12,-89.915069,38.0218035,309.7,0.68,1.3859
ICG-Field-33,2020,4,0,12,-89.915286,38.0215278,309.5,0.86,1.396
ICG-Field-33,2020,19,0,12,-89.9154,38.021525,284.2,0.61,1.396
ICG-Field-33,2020,10,0,12,-89.9161,38.0219581,293.7,0.78,1.4048
ICG-Field-33,2020,1,0,12,-89.916541,38.0215868,333.6,0.76,1.4349
ICG-Field-33,2020,14,0,12,-89.916843,38.0205882,284.7,0.76,1.4018
ICG-Field-33,2020,2,0,12,-89.915929,38.0205208,279.7,0.61,1.3751
ICG-Field-33,2020,8,0,12,-89.915361,38.0205349,317.4,0.61,1.3792
ICG-Field-33,2020,3,0,12,-89.916246,38.0198822,309.5,0.69,1.392
ICG-Field-33,2020,31,0,12,-89.917373,38.0195839,323.8,0.55,1.4102
ICG-Field-33,2020,5,0,12,-89.917259,38.0195867,248.8,0.7,1.4102
ICG-Field-33,2020,30,0,12,-89.916456,38.0194265,296.8,0.61,1.4219
ICG-Field-33,2020,28,0,12,-89.916011,38.0197078,323.4,0.56,1.4095
ICG-Field-33,2020,6,0,12,-89.915549,38.0195391,315.6,0.59,1.3866
ICG-Field-16,2020,2,0,12,-87.923026,40.1864812,112.1,1.96,1.2549
ICG-Field-16,2020,61,0,12,-87.924163,40.1923282,156.8,2.46,1.2925
ICG-Field-16,2020,41,0,12,-87.924506,40.1916047,154.3,2.21,1.3404
ICG-Field-16,2020,30,0,12,-87.924388,40.1916056,170.6,2.08,1.344
ICG-Field-16,2020,11,0,12,-87.923911,40.1910689,145.4,2.64,1.3344
ICG-Field-16,2020,19,0,12,-87.923435,40.1906222,159.7,1.95,1.2934
ICG-Field-16,2020,38,0,12,-87.924015,40.190077,126.1,2.71,1.318
ICG-Field-16,2020,35,0,12,-87.924247,40.189895,104.2,2.39,1.2905
ICG-Field-16,2020,60,0,12,-87.924721,40.1901615,232.1,2.03,1.2897
ICG-Field-16,2020,63,0,12,-87.92636,40.189788,116.9,2.37,1.2972
ICG-Field-16,2020,12,0,12,-87.926241,40.1896088,170.9,1.71,1.3253
ICG-Field-16,2020,58,0,12,-87.925756,40.1885315,133.3,1.93,1.3032
ICG-Field-16,2020,24,0,12,-87.924814,40.1883589,136.5,1.36,1.3461
ICG-Field-16,2020,72,0,12,-87.926099,40.1878081,137.6,1.45,1.3479
ICG-Field-16,2020,85,0,12,-87.925389,40.1874534,105,2.47,1.2882
ICG-Field-16,2020,1,0,12,-87.926086,40.1869072,128.1,1.61,1.3419
ICG-Field-16,2020,76,0,12,-87.926792,40.1869917,123.1,1.88,1.316
ICG-Field-16,2020,66,0,12,-87.926671,40.1867224,145.7,1.94,1.2779
ICG-Field-16,2020,62,0,12,-87.926195,40.1862757,125,1.34,1.344
ICG-Field-16,2020,43,0,12,-87.923851,40.1866548,104.7,2.3,1.2543
ICG-Field-16,2020,48,0,12,-87.923275,40.1874702,183.8,2.16,1.2638
ICG-Field-16,2020,50,0,12,-87.923868,40.187916,98.9,2.48,1.3249
ICG-Field-16,2020,8,0,12,-87.923634,40.1880079,127.5,2.31,1.3249
ICG-Field-16,2020,46,0,12,-87.923638,40.1882782,104.6,1.55,1.3088
ICG-Field-16,2020,26,0,12,-87.923047,40.1880126,98.4,2.15,1.2736
ICG-Field-16,2020,83,0,12,-87.923053,40.188463,176,2.47,1.3076
ICG-Field-16,2020,73,0,12,-87.922111,40.1882904,131.2,1.54,1.3192
ICG-Field-16,2020,71,0,12,-87.922099,40.1873895,104.4,2.4,1.2718
ICG-Field-16,2020,52,0,12,-87.92198,40.1873004,164.6,2.24,1.2718
ICG-Field-16,2020,44,0,12,-87.921727,40.185951,158.1,2.49,1.3067
ICG-Field-16,2020,29,0,12,-87.921151,40.1867664,91.4,2.12,1.2541
ICG-Field-16,2020,20,0,12,-87.9195,40.1863291,153.7,2.16,1.3166
ICG-Field-16,2020,21,0,12,-87.918088,40.1861601,119,1.64,1.3554
ICG-Field-16,2020,22,0,12,-87.918211,40.1865195,141.9,2.08,1.2821
ICG-Field-16,2020,13,0,12,-87.916806,40.186891,122.2,1.97,1.3015
ICG-Field-16,2020,82,0,12,-87.916687,40.1868019,140.1,2.06,1.3015
ICG-Field-16,2020,77,0,12,-87.916336,40.1868947,125.8,2.01,1.311
ICG-Field-16,2020,47,0,12,-87.91633,40.1864443,105.4,2.11,1.3004
ICG-Field-16,2020,23,0,12,-87.915628,40.1866301,154.4,2.49,1.289
ICG-Field-16,2020,75,0,12,-87.914451,40.1864592,152.3,2.58,1.3444
ICG-Field-16,2020,7,0,12,-87.913744,40.1862846,142.7,2.42,1.3113
ICG-Field-16,2020,31,0,12,-87.913871,40.1870043,89.4,3.22,1.2746
ICG-Field-16,2020,70,0,12,-87.913755,40.1870953,152.6,2.7,1.2746
ICG-Field-16,2020,27,0,12,-87.913523,40.1873674,106.6,2.72,1.3047
ICG-Field-16,2020,40,0,12,-87.914695,40.187178,166.7,2.82,1.2936
ICG-Field-16,2020,59,0,12,-87.916349,40.1878856,187.1,2.43,1.2608
ICG-Field-16,2020,79,0,12,-87.91729,40.1879683,114.4,2.06,1.2819
ICG-Field-16,2020,57,0,12,-87.919043,40.1872336,144.5,2.19,1.2909
ICG-Field-16,2020,51,0,12,-87.919285,40.1877723,200.3,2.25,1.2915
ICG-Field-16,2020,28,0,12,-87.920577,40.187762,118.8,2.17,1.2567
ICG-Field-16,2020,9,0,12,-87.920348,40.1882143,180.9,1.47,1.3574
ICG-Field-16,2020,39,0,12,-87.9207,40.1882115,159.3,1.58,1.2976
ICG-Field-16,2020,5,0,12,-87.917177,40.1882395,129.3,2.7,1.2847
ICG-Field-16,2020,78,0,12,-87.917058,40.1881503,136.4,2.62,1.2847
ICG-Field-16,2020,64,0,12,-87.914946,40.1883472,142.3,2.74,1.3578
ICG-Field-16,2020,84,0,12,-87.914241,40.1883528,153.3,2.95,1.3216
ICG-Field-16,2020,3,0,12,-87.913776,40.1887168,133.8,3.11,1.2776
ICG-Field-16,2020,68,0,12,-87.913665,40.1891682,111,2.92,1.308
ICG-Field-16,2020,86,0,12,-87.914137,40.1893446,84.8,3.33,1.3
ICG-Field-16,2020,53,0,12,-87.915302,40.1886147,205,2.49,1.3326
ICG-Field-16,2020,17,0,12,-87.915779,40.1891515,104.1,2.84,1.3321
ICG-Field-16,2020,69,0,12,-87.917536,40.1887772,139.6,2.76,1.3126
ICG-Field-16,2020,49,0,12,-87.917425,40.1892285,155.3,2.85,1.2962
ICG-Field-16,2020,80,0,12,-87.915325,40.1903263,236.4,3.36,1.2701
ICG-Field-16,2020,34,0,12,-87.914971,40.190239,247.6,2.63,1.2715
ICG-Field-16,2020,81,0,12,-87.914739,40.190421,195.9,2.3,1.2708
ICG-Field-16,2020,36,0,12,-87.914749,40.1911417,134.2,2.76,1.2641
ICG-Field-16,2020,15,0,12,-87.914287,40.191776,114.8,2.74,1.3129
ICG-Field-16,2020,33,0,12,-87.913942,40.1923192,105.8,3.3,1.2518
ICG-Field-16,2020,55,0,12,-87.915934,40.1919431,145.3,2.71,1.2794
ICG-Field-16,2020,16,0,12,-87.916283,40.1916701,94.9,2.6,1.2794
ICG-Field-16,2020,25,0,12,-87.916276,40.1911296,133,2.36,1.2746
ICG-Field-16,2020,56,0,12,-87.917097,40.191033,116.8,2.45,1.264
ICG-Field-16,2020,54,0,12,-87.917229,40.1921131,123.9,2.5,1.2719
ICG-Field-16,2020,74,0,12,-87.918053,40.1922867,102.5,2.45,1.2692
ICG-Field-16,2020,10,0,12,-87.918036,40.1910255,115.6,2.91,1.2767
ICG-Field-16,2020,42,0,12,-87.917562,40.1906689,114.9,1.93,1.3348
ICG-Field-16,2020,67,0,12,-87.918609,40.1899399,135.5,1.38,1.3466
ICG-Field-16,2020,6,0,12,-87.919196,40.1899352,167.7,2.09,1.3423
ICG-Field-16,2020,14,0,12,-87.920021,40.1901089,147.8,1.92,1.3466
ICG-Field-16,2020,32,0,12,-87.919674,40.190472,141.5,1.48,1.331
ICG-Field-16,2020,37,0,12,-87.919802,40.1912818,94.6,2.76,1.3071
ICG-Field-16,2020,65,0,12,-87.920153,40.1911889,131.9,2.35,1.2979
ICG-Field-16,2020,4,0,12,-87.920973,40.1910022,167.1,3,1.2757
ICG-Field-16,2020,45,0,12,-87.920169,40.19236,108.8,1.82,1.3549
ICG-Field-16,2020,18,0,12,-87.920986,40.1919931,163.3,2.51,1.2733
ICG-Field-15,2020,59,0,12,-87.881176,40.1728739,154,1.96,1.3217
ICG-Field-15,2020,35,0,12,-87.879298,40.1729782,157.5,1.33,1.3549
ICG-Field-15,2020,4,0,12,-87.881537,40.1735918,146.3,1.55,1.2881
ICG-Field-15,2020,6,0,12,-87.880957,40.1741368,206.8,1.35,1.3135
ICG-Field-15,2020,24,0,12,-87.879552,40.1745079,304.5,2.02,1.2568
ICG-Field-15,2020,48,0,12,-87.879445,40.1753195,136.2,1.38,1.3443
ICG-Field-15,2020,13,0,12,-87.881328,40.1755755,151.2,1.25,1.2565
ICG-Field-15,2020,42,0,12,-87.880391,40.1757628,155.5,1.22,1.2534
ICG-Field-15,2020,41,0,12,-87.87969,40.1760384,223.9,1.37,1.2424
ICG-Field-15,2020,31,0,12,-87.87923,40.1768528,152.1,1.47,1.3615
ICG-Field-15,2020,60,0,12,-87.880052,40.1768465,206.8,1.08,1.2441
ICG-Field-15,2020,3,0,12,-87.880519,40.1765727,196.1,1.2,1.2445
ICG-Field-15,2020,17,0,12,-87.880987,40.176479,192.4,1.17,1.2669
ICG-Field-15,2020,43,0,12,-87.880065,40.1778374,202.5,1.14,1.2661
ICG-Field-15,2020,56,0,12,-87.881241,40.1779186,166.9,1.59,1.2521
ICG-Field-15,2020,55,0,12,-87.881829,40.1780042,119.4,1.77,1.4001
ICG-Field-15,2020,9,0,12,-87.882648,40.1768175,209.4,1.33,1.3663
ICG-Field-15,2020,39,0,12,-87.8831,40.1763728,233,1.19,1.3469
ICG-Field-15,2020,61,0,12,-87.882731,40.1751143,204,1.43,1.316
ICG-Field-15,2020,7,0,12,-87.883208,40.1756513,162.2,2.12,1.2889
ICG-Field-15,2020,33,0,12,-87.88427,40.1760035,167.7,1.48,1.2769
ICG-Field-15,2020,70,0,12,-87.884738,40.1759099,153.2,1.46,1.3331
ICG-Field-15,2020,23,0,12,-87.884749,40.1767206,177.1,1.86,1.267
ICG-Field-15,2020,14,0,12,-87.885107,40.1771683,163.1,1.86,1.2902
ICG-Field-15,2020,66,0,12,-87.884996,40.1776197,317.8,1.8,1.2971
ICG-Field-15,2020,8,0,12,-87.886633,40.1770666,176.4,1.36,1.3897
ICG-Field-15,2020,57,0,12,-87.886644,40.1779674,159.1,2.58,1.3923
ICG-Field-15,2020,25,0,12,-87.88547,40.1779764,131.2,1.64,1.3012
ICG-Field-15,2020,65,0,12,-87.88536,40.1785178,223.5,1.22,1.3515
ICG-Field-15,2020,21,0,12,-87.886419,40.1786899,149,1.89,1.3006
ICG-Field-15,2020,71,0,12,-87.885834,40.1788746,159.3,1.57,1.3755
ICG-Field-15,2020,67,0,12,-87.886542,40.1791394,113.1,2.04,1.2547
ICG-Field-15,2020,37,0,12,-87.885371,40.1794187,156.2,1.69,1.3338
ICG-Field-15,2020,20,0,12,-87.885961,40.1795943,120.5,1.77,1.3412
ICG-Field-15,2020,12,0,12,-87.886429,40.1795007,164.7,1.89,1.3434
ICG-Field-15,2020,19,0,12,-87.887489,40.1796727,157.9,1.59,1.3541
ICG-Field-15,2020,52,0,12,-87.886434,40.179861,189.6,1.55,1.3526
ICG-Field-15,2020,11,0,12,-87.886435,40.1799511,198.6,1.35,1.3526
ICG-Field-15,2020,77,0,12,-87.886681,40.18076,166.7,1.31,1.2467
ICG-Field-15,2020,62,0,12,-87.886684,40.1810303,129.5,1.33,1.2663
ICG-Field-15,2020,69,0,12,-87.886101,40.181305,140.8,1.56,1.3291
ICG-Field-15,2020,47,0,12,-87.886583,40.1822924,235.7,1.52,1.3387
ICG-Field-15,2020,79,0,12,-87.888459,40.1820077,153.9,1.94,1.2485
ICG-Field-15,2020,54,0,12,-87.887273,40.1811159,183.6,1.53,1.2663
ICG-Field-15,2020,16,0,12,-87.888092,40.1809294,202.6,1.42,1.2616
ICG-Field-15,2020,81,0,12,-87.889014,40.1795709,214.2,1.01,1.2592
ICG-Field-15,2020,36,0,12,-87.889125,40.1790295,145.5,1.25,1.2458
ICG-Field-15,2020,32,0,12,-87.889119,40.1785791,167.7,1.34,1.2803
ICG-Field-15,2020,49,0,12,-87.888762,40.1782215,206.5,1.4,1.3562
ICG-Field-15,2020,64,0,12,-87.888299,40.1787656,192.7,1.75,1.3598
ICG-Field-15,2020,74,0,12,-87.887793,40.1782686,174.5,1.71,1.3395
ICG-Field-15,2020,22,0,12,-87.887517,40.1778742,161.8,1.69,1.3562
ICG-Field-15,2020,10,0,12,-87.88899,40.1776792,150.3,1.31,1.2691
ICG-Field-15,2020,5,0,12,-87.888742,40.17669,229.6,1.19,1.34
ICG-Field-15,2020,51,0,12,-87.888579,40.1762626,181.2,1.64,1.3103
ICG-Field-15,2020,40,0,12,-87.888273,40.1767837,179.9,1.23,1.3365
ICG-Field-15,2020,72,0,12,-87.886507,40.1764369,193.2,1.17,1.3287
ICG-Field-15,2020,53,0,12,-87.886265,40.1758982,288.6,1.36,1.3424
ICG-Field-15,2020,1,0,12,-87.886498,40.1757162,161.9,1.28,1.33
ICG-Field-15,2020,15,0,12,-87.88732,40.1757099,185.6,1.03,1.3069
ICG-Field-15,2020,50,0,12,-87.887908,40.1757955,203.5,1.25,1.3173
ICG-Field-15,2020,63,0,12,-87.888013,40.1748037,137.9,1.67,1.338
ICG-Field-15,2020,75,0,12,-87.889062,40.1742551,171.2,1.53,1.35
ICG-Field-15,2020,34,0,12,-87.888821,40.1737163,189.1,1.26,1.3355
ICG-Field-15,2020,46,0,12,-87.889044,40.1728137,170.9,1.26,1.3345
ICG-Field-15,2020,80,0,12,-87.887639,40.1731849,136.6,1.83,1.3359
ICG-Field-15,2020,78,0,12,-87.88776,40.1734542,133.2,1.5,1.3286
ICG-Field-15,2020,45,0,12,-87.887762,40.1736344,156.1,1.31,1.3222
ICG-Field-15,2020,73,0,12,-87.887532,40.1739965,162.5,1.81,1.2767
ICG-Field-15,2020,28,0,12,-87.886471,40.1736443,121.2,1.61,1.2944
ICG-Field-15,2020,38,0,12,-87.884616,40.1755504,196.4,1.76,1.3439
ICG-Field-15,2020,58,0,12,-87.883783,40.1746559,131.2,1.85,1.3354
ICG-Field-15,2020,68,0,12,-87.884717,40.1742883,200.8,1.89,1.2667
ICG-Field-15,2020,44,0,12,-87.885414,40.1736524,211.3,2.35,1.2772
ICG-Field-15,2020,76,0,12,-87.884939,40.1732956,135.9,2.59,1.2829
ICG-Field-15,2020,30,0,12,-87.886452,40.1722029,213.3,2.82,1.2982
ICG-Field-15,2020,18,0,12,-87.88575,40.1723885,111.7,2.67,1.2992
ICG-Field-15,2020,29,0,12,-87.885399,40.1724813,128.8,2.69,1.4088
ICG-Field-15,2020,27,0,12,-87.884106,40.172401,175.2,1.08,1.3063
ICG-Field-15,2020,2,0,12,-87.883993,40.1727623,203.7,1.21,1.2972
ICG-Field-15,2020,26,0,12,-87.883765,40.1733046,173.2,1.56,1.309